-- MySQL dump 10.13  Distrib 8.0.34, for Win64 (x86_64)
--
-- Host: 127.0.0.1    Database: pup
-- ------------------------------------------------------
-- Server version	8.1.0

/*!40101 SET @OLD_CHARACTER_SET_CLIENT=@@CHARACTER_SET_CLIENT */;
/*!40101 SET @OLD_CHARACTER_SET_RESULTS=@@CHARACTER_SET_RESULTS */;
/*!40101 SET @OLD_COLLATION_CONNECTION=@@COLLATION_CONNECTION */;
/*!50503 SET NAMES utf8 */;
/*!40103 SET @OLD_TIME_ZONE=@@TIME_ZONE */;
/*!40103 SET TIME_ZONE='+00:00' */;
/*!40014 SET @OLD_UNIQUE_CHECKS=@@UNIQUE_CHECKS, UNIQUE_CHECKS=0 */;
/*!40014 SET @OLD_FOREIGN_KEY_CHECKS=@@FOREIGN_KEY_CHECKS, FOREIGN_KEY_CHECKS=0 */;
/*!40101 SET @OLD_SQL_MODE=@@SQL_MODE, SQL_MODE='NO_AUTO_VALUE_ON_ZERO' */;
/*!40111 SET @OLD_SQL_NOTES=@@SQL_NOTES, SQL_NOTES=0 */;

--
-- Table structure for table `accounts`
--

DROP TABLE IF EXISTS `accounts`;
/*!40101 SET @saved_cs_client     = @@character_set_client */;
/*!50503 SET character_set_client = utf8mb4 */;
CREATE TABLE `accounts` (
  `id` bigint unsigned NOT NULL AUTO_INCREMENT,
  `usage` int NOT NULL DEFAULT '0',
  `c_user` varchar(255) CHARACTER SET utf8mb4 COLLATE utf8mb4_unicode_ci NOT NULL,
  `xs` text CHARACTER SET utf8mb4 COLLATE utf8mb4_unicode_ci NOT NULL,
  `ip_username` varchar(255) CHARACTER SET utf8mb4 COLLATE utf8mb4_unicode_ci NOT NULL,
  `ip_password` varchar(255) CHARACTER SET utf8mb4 COLLATE utf8mb4_unicode_ci NOT NULL,
  `ip_address` varchar(255) CHARACTER SET utf8mb4 COLLATE utf8mb4_unicode_ci NOT NULL,
  `ip_port` varchar(255) CHARACTER SET utf8mb4 COLLATE utf8mb4_unicode_ci NOT NULL,
  `comment` text CHARACTER SET utf8mb4 COLLATE utf8mb4_unicode_ci,
  `created_at` timestamp NULL DEFAULT NULL,
  `updated_at` timestamp NULL DEFAULT NULL,
  `is_proxy_ok` int DEFAULT NULL,
  `is_blocked` int DEFAULT NULL,
  PRIMARY KEY (`id`)
) ENGINE=InnoDB AUTO_INCREMENT=59 DEFAULT CHARSET=utf8mb4 COLLATE=utf8mb4_unicode_ci;
/*!40101 SET character_set_client = @saved_cs_client */;

--
-- Dumping data for table `accounts`
--

LOCK TABLES `accounts` WRITE;
/*!40000 ALTER TABLE `accounts` DISABLE KEYS */;
INSERT INTO `accounts` VALUES (31,263,'100086078117669','14%3ArIOPUOyWokHJeg%3A2%3A1664153296%3A-1%3A-1%3A%3AAcVkSDd23MZEQXSsxvggeYgqv9lzlUeyvzPcjeTzTtU','maximsokolsky','UK79QpIqWm','104.227.110.97','51523','chnfjcey@firstmailler.net','2023-01-18 15:43:01','2023-01-24 20:40:05',1,1),(32,264,'100085961260899','1%3ALc__4MJM9Qin8Q%3A2%3A1663598574%3A-1%3A-1%3A%3AAcVEM3oztGIg0Nv8btjSgG7FDFIa9WdRdaG5Rm_meyg','maximsokolsky','UK79QpIqWm','94.124.161.217','51523','thbokpnf@plaintiffmail.com','2023-01-18 15:44:01','2023-03-19 01:54:56',1,1),(33,263,'100085615283736','17%3AzmN0-97GmxLgpA%3A2%3A1663535097%3A-1%3A-1%3A%3AAcVSw37ojOUEsYnaAzgJKRxWg1UcEVY1HBdRW39d9e8','maximsokolsky','UK79QpIqWm','185.240.121.155','51523','bxpcxbnv@plaintiffmail.com','2023-01-18 15:44:57','2023-01-24 20:39:40',1,1),(34,263,'100086703861742','8%3ANKwxcLtdpzKllQ%3A2%3A1666222638%3A-1%3A14698%3A%3AAcXIEc0ez_2nkXy-5TKEfZN-HhYbhbX5FZGW1KjYSGU','maximsokolsky','UK79QpIqWm','185.240.120.177','51523','duwbqgcj@plaintiffmail.com','2023-01-18 15:45:56','2023-01-24 20:39:28',1,1),(35,263,'100083450101788','40%3AvB2hYNUptuOd4Q%3A2%3A1657534696%3A-1%3A6909%3A%3AAcVcUY84FvaL4qzojohctTAafxoXbvDWG7wVCqzbJWBW','maximsokolsky','UK79QpIqWm','95.164.145.150','51523','asszcyir@firstmailler.com','2023-01-18 15:46:46','2023-01-24 20:39:13',1,1),(36,264,'100085648462889','10%3A97AyJP3717ksnw%3A2%3A1663573697%3A-1%3A14113%3A%3AAcVDfl7aOZnfU83c5gSCmWTzpzbpIVG70SAimzZ6xwg','maximsokolsky','UK79QpIqWm','181.215.184.100','51523','wuecysbe@plaintiffmail.com','2023-01-18 15:47:28','2023-03-19 01:54:56',1,1),(37,263,'100085922113170','21%3AHEnotPUdmSeoPA%3A2%3A1663591716%3A-1%3A14771%3A%3AAcXzjITf7qnhq7Ikkh9cIiByZhwr9vbdXeveLcwZyO8','maximsokolsky','UK79QpIqWm','74.115.1.232','51523','bmjjmegt@plaintiffmail.com','2023-01-18 15:48:23','2023-01-24 20:38:17',1,1),(38,263,'100086227623072','48%3AMnMl941zUryIxg%3A2%3A1663765847%3A-1%3A11692%3A%3AAcVkGs4bAxv4HLdsAexUt0H98vdLxA_DAzl3D3usKvI','maximsokolsky','UK79QpIqWm','185.240.120.160','51523','htvouqnq@plaintiffmail.com','2023-01-18 15:49:04','2023-01-24 20:38:05',1,1),(39,263,'185.228.192.138','8%3ARkgZCl-rG86D-w%3A2%3A1663570353%3A-1%3A3310%3A%3AAcX4lBUpzcwNQkhxtMVCkmg35UXAcfSdzVR8aCs2IBM','maximsokolsky','UK79QpIqWm','179.60.183.106','51523','wdgjmzaq@plaintiffmail.com','2023-01-18 15:49:54','2023-03-19 01:54:56',1,1),(40,267,'100085973504376','10%3A1ZKmCJXFDAtsJA%3A2%3A1663843534%3A-1%3A16232%3A%3AAcXxEwYI719B7S9ZX4DJ7UFi4HzKOxfFyeAuVVpbgz0','maximsokolsky','UK79QpIqWm','200.10.35.147','51523','xnftyahp@plaintiffmail.com','2023-01-18 15:50:29','2023-03-19 01:54:56',1,NULL),(41,264,'100082675192331','6%3AT74ITtptAIqbyw%3A2%3A1656779871%3A-1%3A-1%3A%3AAcXZ_0kl9w6AMXGMAtVzCkxgPt7T7Wz08YaiQioUbw','maximsokolsky','UK79QpIqWm','191.101.148.97','51523','handlalefdyde6303@mail.ru','2023-01-24 20:59:28','2023-03-19 01:54:56',1,1),(42,264,'100083886601534','35%3AQ7616IMit_Cu0A%3A2%3A1658304782%3A-1%3A-1%3A%3AAcWeWGWEmZoejraEyev3x8cAcgq3wq-UOt6MkggBCg','maximsokolsky','UK79QpIqWm','172.111.57.172','51523','melodnanopneemf6405@mail.ru','2023-01-24 21:00:28','2023-03-19 01:54:56',1,1),(43,263,'100083716148798','22%3AbuziS4ThbMEz1g%3A2%3A1658306311%3A-1%3A-1%3A%3AAcV5Ry91YfW2d6DoVPixmfMic37YiDTD7hJmJYUCUA','maximsokolsky','UK79QpIqWm','95.164.145.74','51523','eracicnujar8163@mail.ru','2023-01-24 21:04:49','2023-01-24 21:04:49',1,1),(44,264,'100083652581674','13%3A8CusLPEo8R8w7w%3A2%3A1658307064%3A-1%3A-1%3A%3AAcXZjVAS1YnzEE8ZB-FTHX2HEO19RP-N0OyPOZ2GYA','maximsokolsky','UK79QpIqWm','103.230.69.220','51523','hependorickfor1732@mail.ru','2023-01-24 21:05:49','2023-03-19 01:54:56',1,1),(45,264,'100083886241616','8%3AppDJp58hq2RCMA%3A2%3A1658307764%3A-1%3A-1%3A%3AAcW2woRfWH-BcGCrvPL-503qiath9StuQT7qJXt-TQ','maximsokolsky','UK79QpIqWm','194.233.150.48','51523','ringmagsoftverbwarb5060@mail.ru','2023-01-24 21:07:04','2023-03-19 01:54:57',1,1),(46,263,'100083385051616','35%3A0efXoAOrejgzmw%3A2%3A1658308454%3A-1%3A-1%3A%3AAcWnsGsc1slPZkVFx2uLOFx5rBype1HaLTJyGhnQiA','maximsokolsky','UK79QpIqWm','154.16.150.86','51523','vabmulasaca1530@mail.ru','2023-01-24 21:08:28','2023-03-14 20:43:12',1,1),(47,264,'100083526557213','45%3AAiy22HJif3QuBQ%3A2%3A1658309113%3A-1%3A-1%3A%3AAcW_GKfOlggDcLXkqPTBlRJvV3uOPt4h7gFMhX4o7g','maximsokolsky','UK79QpIqWm','154.16.150.8','51523','fastrorepomusc4796@mail.ru','2023-01-24 21:10:03','2023-03-19 01:54:57',1,1),(48,263,'100083631342690','7%3AWUA7dljHG_8phA%3A2%3A1658309726%3A-1%3A-1%3A%3AAcUYkKHfeh-qj9qh7vZmqLp76kiRKoMMSmyGhDnTnQ','maximsokolsky','UK79QpIqWm','74.115.1.37','51523','vorgemowongward3979@mail.ru','2023-01-24 21:10:54','2023-01-24 21:10:54',1,1),(49,264,'100083713358978','22%3ABrs_dWbzt0nY_A%3A2%3A1658311224%3A-1%3A-1%3A%3AAcV3J2jIrJKgfjDzsEBmAjb57CSrfEUsFezlItV5cg','maximsokolsky','UK79QpIqWm','108.165.219.218','51523','imribijaro2689@mail.ru','2023-01-24 21:11:33','2023-03-19 01:54:57',1,1),(50,263,'100083676220614','44%3AEaDuExqWjEBkPA%3A2%3A1658311814%3A-1%3A-1%3A%3AAcWGs445_4j8awuXfi3Zk0VK7qWqncYoMMFAF3_EnA','maximsokolsky','UK79QpIqWm','64.113.1.118','51523','biclustsurchardhten3360@mail.ru','2023-01-24 21:12:28','2023-01-24 21:12:28',1,1),(51,263,'100083325894857','35%3AIQ7Xm2jyv59YOw%3A2%3A1658313776%3A-1%3A-1%3A%3AAcVuRJRUiEWM19uPz41fnN8J64Pf8jmuCZRVnoWikA','maximsokolsky','UK79QpIqWm','134.202.250.17','51523','ulglucmicrojeff2236@mail.ru','2023-01-24 21:13:13','2023-03-19 01:54:57',1,1),(52,263,'100083715069134','2%3A2Sqy53ea9NVWZw%3A2%3A1658314410%3A-1%3A-1%3A%3AAcVvdGTU7j6tkuNC9BIa-nfIMEwjDdDhyowHl_lQxw','maximsokolsky','UK79QpIqWm','64.113.1.116','51523','profnetpectcupho6853@mail.ru','2023-01-24 21:13:56','2023-01-24 21:13:56',1,1),(53,263,'100083672021230','21%3AOlAzfhrfL6EiuA%3A2%3A1658315030%3A-1%3A-1%3A%3AAcVjRzxaCmVguDUEU1p16dAw1cLsKA9ntmdE-GkZ5Q','maximsokolsky','UK79QpIqWm','87.248.131.44','51523','keypeckepheco3183@mail.ru','2023-01-24 21:14:42','2023-03-19 01:54:57',1,1),(54,262,'100083919060855','6%3AE1WXvPCSdQ5GTA%3A2%3A1658316787%3A-1%3A-1%3A%3AAcXc7Z_Gs54rURN1PPX4TxikurqjRLrhM7VFpw4PLQ','maximsokolsky','UK79QpIqWm','102.129.240.174','51523','cousseeningkowsback9981@mail.ru','2023-01-24 21:15:24','2023-01-24 21:15:24',1,1),(55,262,'100083272947481','15%3ANsdram2-rVsVsw%3A2%3A1658317464%3A-1%3A-1%3A%3AAcWElSyav52ByBi26aFxWFIFCNl8CxrMgBg0WSvWRg','maximsokolsky','UK79QpIqWm','74.115.1.233','51523','matbiogevtiti7861@mail.ru','2023-01-24 21:16:18','2023-01-24 21:16:18',1,1),(56,262,'100083663141435','6%3AEywYApoofTxI8A%3A2%3A1658318180%3A-1%3A-1%3A%3AAcXZntp0_eLfIdv_LXUFkdGWVhn7zcA3F55Ili2aZQ','maximsokolsky','UK79QpIqWm','185.240.121.199','51523','themynadire9228@mail.ru','2023-01-24 21:17:14','2023-02-05 02:01:46',1,1),(57,263,'100083654621835','29%3AXEbJcRSjU50Zwg%3A2%3A1658318858%3A-1%3A-1%3A%3AAcWYaIELyVB8I8r7iK24jIU3gi62LcmztJeTF1jo9Q','maximsokolsky','UK79QpIqWm','216.185.47.19','51523','traldizysmemort3522@mail.ru','2023-01-24 21:20:27','2023-03-19 01:54:57',1,1),(58,262,'100083325774997','30%3AplgunJrrMT0C_w%3A2%3A1658320598%3A-1%3A-1%3A%3AAcXo6bTx_i8vrsWlcJ9UFwdfuvQ0UqF253cox_-inA','maximsokolsky','UK79QpIqWm','74.115.1.241','51523','cocyccompmontra3090@mail.ru','2023-01-24 21:21:08','2023-02-05 02:00:50',1,1);
/*!40000 ALTER TABLE `accounts` ENABLE KEYS */;
UNLOCK TABLES;

--
-- Table structure for table `data_rows`
--

DROP TABLE IF EXISTS `data_rows`;
/*!40101 SET @saved_cs_client     = @@character_set_client */;
/*!50503 SET character_set_client = utf8mb4 */;
CREATE TABLE `data_rows` (
  `id` int unsigned NOT NULL AUTO_INCREMENT,
  `data_type_id` int unsigned NOT NULL,
  `field` varchar(255) CHARACTER SET utf8mb4 COLLATE utf8mb4_unicode_ci NOT NULL,
  `type` varchar(255) CHARACTER SET utf8mb4 COLLATE utf8mb4_unicode_ci NOT NULL,
  `display_name` varchar(255) CHARACTER SET utf8mb4 COLLATE utf8mb4_unicode_ci NOT NULL,
  `required` tinyint(1) NOT NULL DEFAULT '0',
  `browse` tinyint(1) NOT NULL DEFAULT '1',
  `read` tinyint(1) NOT NULL DEFAULT '1',
  `edit` tinyint(1) NOT NULL DEFAULT '1',
  `add` tinyint(1) NOT NULL DEFAULT '1',
  `delete` tinyint(1) NOT NULL DEFAULT '1',
  `details` text CHARACTER SET utf8mb4 COLLATE utf8mb4_unicode_ci,
  `order` int NOT NULL DEFAULT '1',
  PRIMARY KEY (`id`),
  KEY `data_rows_data_type_id_foreign` (`data_type_id`),
  CONSTRAINT `data_rows_data_type_id_foreign` FOREIGN KEY (`data_type_id`) REFERENCES `data_types` (`id`) ON DELETE CASCADE ON UPDATE CASCADE
) ENGINE=InnoDB AUTO_INCREMENT=69 DEFAULT CHARSET=utf8mb4 COLLATE=utf8mb4_unicode_ci;
/*!40101 SET character_set_client = @saved_cs_client */;

--
-- Dumping data for table `data_rows`
--

LOCK TABLES `data_rows` WRITE;
/*!40000 ALTER TABLE `data_rows` DISABLE KEYS */;
INSERT INTO `data_rows` VALUES (1,1,'id','number','ID',1,0,0,0,0,0,NULL,1),(2,1,'name','text','Name',1,1,1,1,1,1,NULL,2),(3,1,'email','text','Email',1,1,1,1,1,1,NULL,3),(4,1,'password','password','Password',1,0,0,1,1,0,NULL,4),(5,1,'remember_token','text','Remember Token',0,0,0,0,0,0,NULL,5),(6,1,'created_at','timestamp','Created At',0,1,1,0,0,0,NULL,6),(7,1,'updated_at','timestamp','Updated At',0,0,0,0,0,0,NULL,7),(8,1,'avatar','image','Avatar',0,1,1,1,1,1,NULL,8),(9,1,'user_belongsto_role_relationship','relationship','Role',0,1,1,1,1,0,'{\"model\":\"TCG\\\\Voyager\\\\Models\\\\Role\",\"table\":\"roles\",\"type\":\"belongsTo\",\"column\":\"role_id\",\"key\":\"id\",\"label\":\"display_name\",\"pivot_table\":\"roles\",\"pivot\":0}',10),(10,1,'user_belongstomany_role_relationship','relationship','Roles',0,1,1,1,1,0,'{\"model\":\"TCG\\\\Voyager\\\\Models\\\\Role\",\"table\":\"roles\",\"type\":\"belongsToMany\",\"column\":\"id\",\"key\":\"id\",\"label\":\"display_name\",\"pivot_table\":\"user_roles\",\"pivot\":\"1\",\"taggable\":\"0\"}',11),(11,1,'settings','hidden','Settings',0,0,0,0,0,0,NULL,12),(12,2,'id','number','ID',1,0,0,0,0,0,NULL,1),(13,2,'name','text','Name',1,1,1,1,1,1,NULL,2),(14,2,'created_at','timestamp','Created At',0,0,0,0,0,0,NULL,3),(15,2,'updated_at','timestamp','Updated At',0,0,0,0,0,0,NULL,4),(16,3,'id','number','ID',1,0,0,0,0,0,NULL,1),(17,3,'name','text','Name',1,1,1,1,1,1,NULL,2),(18,3,'created_at','timestamp','Created At',0,0,0,0,0,0,NULL,3),(19,3,'updated_at','timestamp','Updated At',0,0,0,0,0,0,NULL,4),(20,3,'display_name','text','Display Name',1,1,1,1,1,1,NULL,5),(21,1,'role_id','text','Role',1,1,1,1,1,1,NULL,9),(22,4,'id','text','Id',1,0,0,0,0,0,'{}',1),(23,4,'text','text','Text',1,1,1,1,1,1,'{}',2),(24,4,'created_at','timestamp','Created At',0,0,0,0,0,0,'{}',3),(25,4,'updated_at','timestamp','Updated At',0,0,0,0,0,0,'{}',4),(26,5,'id','text','Id',1,0,0,0,0,0,'{}',1),(27,5,'title','text','Title',1,1,1,1,1,1,'{}',4),(28,5,'url','text','Url',1,1,1,1,1,1,'{}',5),(29,5,'facebook_search_id','text','Facebook Search Id',1,0,0,0,0,0,'{}',2),(30,5,'created_at','timestamp','Created At',0,0,0,0,0,0,'{}',6),(31,5,'updated_at','timestamp','Updated At',0,0,0,0,0,0,'{}',7),(32,5,'facebook_group_belongsto_facebook_search_relationship','relationship','Search',0,1,1,1,1,1,'{\"model\":\"App\\\\Models\\\\FacebookSearch\",\"table\":\"facebook_searches\",\"type\":\"belongsTo\",\"column\":\"facebook_search_id\",\"key\":\"id\",\"label\":\"text\",\"pivot_table\":\"data_rows\",\"pivot\":\"0\",\"taggable\":\"0\"}',8),(33,6,'id','text','Id',1,0,0,0,0,0,'{}',1),(34,6,'usage','text','Usage',1,1,1,1,1,1,'{\"default\":0}',2),(35,6,'c_user','text','C User',1,1,1,1,1,1,'{}',3),(36,6,'xs','text','Xs',1,1,1,1,1,1,'{}',4),(37,6,'ip_username','text','Ip Username',1,1,1,1,1,1,'{\"default\":\"maximsokolsky\"}',5),(38,6,'ip_password','text','Ip Password',1,1,1,1,1,1,'{\"default\":\"UK79QpIqWm\"}',6),(39,6,'ip_address','text','Ip Address',1,1,1,1,1,1,'{}',7),(40,6,'ip_port','text','Ip Port',1,1,1,1,1,1,'{\"default\":\"51523\"}',8),(41,6,'comment','text','Comment',0,1,1,1,1,1,'{}',9),(42,6,'created_at','timestamp','Created At',0,0,0,0,0,0,'{}',10),(43,6,'updated_at','timestamp','Updated At',0,0,0,0,0,0,'{}',11),(44,7,'id','text','Id',1,0,0,0,0,0,'{}',1),(45,7,'ad','markdown_editor','Ad',1,1,1,1,1,1,'{}',2),(46,7,'status','text','Status',0,1,1,1,0,0,'{}',3),(47,7,'created_at','timestamp','Created At',0,0,0,0,0,0,'{}',4),(48,7,'updated_at','timestamp','Updated At',0,0,0,0,0,0,'{}',5),(49,7,'task_belongstomany_facebook_search_relationship','relationship','Facebook searches',0,1,1,1,1,1,'{\"model\":\"App\\\\Models\\\\FacebookSearch\",\"table\":\"facebook_searches\",\"type\":\"belongsToMany\",\"column\":\"id\",\"key\":\"id\",\"label\":\"text\",\"pivot_table\":\"task_facebook_searches\",\"pivot\":\"1\",\"taggable\":\"0\"}',6),(50,5,'is_run','text','Is Run',0,1,1,1,1,1,'{}',3),(51,4,'is_run','text','Is Run',0,1,1,1,1,1,'{}',6),(52,4,'keywords','text','Keywords',0,1,1,1,1,1,'{}',5),(53,6,'is_proxy_ok','text','Is Proxy Ok',0,1,1,1,1,1,'{}',12),(54,6,'is_blocked','text','Is Blocked',0,1,1,0,0,1,'{}',13),(55,7,'photo','multiple_images','Photo',0,1,1,1,1,1,'{}',6),(56,8,'id','text','Id',1,0,0,0,0,0,'{}',1),(57,8,'login','text','Login',1,1,1,1,1,1,'{}',2),(58,8,'password','text','Password',1,1,1,1,1,1,'{}',3),(59,8,'name','text','Name',1,1,1,1,1,1,'{}',4),(60,8,'lastname','text','Lastname',1,1,1,1,1,1,'{}',5),(61,8,'created_at','timestamp','Created At',0,1,1,1,0,1,'{}',6),(62,8,'updated_at','timestamp','Updated At',0,0,0,0,0,0,'{}',7),(63,9,'id','text','Id',1,0,0,0,0,0,'{}',1),(64,9,'amount','text','Amount',1,1,1,1,1,1,'{}',2),(65,9,'created_at','timestamp','Created At',0,1,1,1,0,1,'{}',3),(66,9,'updated_at','timestamp','Updated At',0,0,0,0,0,0,'{}',4),(67,9,'created_amount','text','Created Amount',0,1,1,1,1,1,'{}',3),(68,9,'is_run','text','Is Run',0,1,1,1,1,1,'{}',4);
/*!40000 ALTER TABLE `data_rows` ENABLE KEYS */;
UNLOCK TABLES;

--
-- Table structure for table `data_types`
--

DROP TABLE IF EXISTS `data_types`;
/*!40101 SET @saved_cs_client     = @@character_set_client */;
/*!50503 SET character_set_client = utf8mb4 */;
CREATE TABLE `data_types` (
  `id` int unsigned NOT NULL AUTO_INCREMENT,
  `name` varchar(255) CHARACTER SET utf8mb4 COLLATE utf8mb4_unicode_ci NOT NULL,
  `slug` varchar(255) CHARACTER SET utf8mb4 COLLATE utf8mb4_unicode_ci NOT NULL,
  `display_name_singular` varchar(255) CHARACTER SET utf8mb4 COLLATE utf8mb4_unicode_ci NOT NULL,
  `display_name_plural` varchar(255) CHARACTER SET utf8mb4 COLLATE utf8mb4_unicode_ci NOT NULL,
  `icon` varchar(255) CHARACTER SET utf8mb4 COLLATE utf8mb4_unicode_ci DEFAULT NULL,
  `model_name` varchar(255) CHARACTER SET utf8mb4 COLLATE utf8mb4_unicode_ci DEFAULT NULL,
  `policy_name` varchar(255) CHARACTER SET utf8mb4 COLLATE utf8mb4_unicode_ci DEFAULT NULL,
  `controller` varchar(255) CHARACTER SET utf8mb4 COLLATE utf8mb4_unicode_ci DEFAULT NULL,
  `description` varchar(255) CHARACTER SET utf8mb4 COLLATE utf8mb4_unicode_ci DEFAULT NULL,
  `generate_permissions` tinyint(1) NOT NULL DEFAULT '0',
  `server_side` tinyint NOT NULL DEFAULT '0',
  `details` text CHARACTER SET utf8mb4 COLLATE utf8mb4_unicode_ci,
  `created_at` timestamp NULL DEFAULT NULL,
  `updated_at` timestamp NULL DEFAULT NULL,
  PRIMARY KEY (`id`),
  UNIQUE KEY `data_types_name_unique` (`name`),
  UNIQUE KEY `data_types_slug_unique` (`slug`)
) ENGINE=InnoDB AUTO_INCREMENT=10 DEFAULT CHARSET=utf8mb4 COLLATE=utf8mb4_unicode_ci;
/*!40101 SET character_set_client = @saved_cs_client */;

--
-- Dumping data for table `data_types`
--

LOCK TABLES `data_types` WRITE;
/*!40000 ALTER TABLE `data_types` DISABLE KEYS */;
INSERT INTO `data_types` VALUES (1,'users','users','User','Users','voyager-person','TCG\\Voyager\\Models\\User','TCG\\Voyager\\Policies\\UserPolicy','TCG\\Voyager\\Http\\Controllers\\VoyagerUserController','',1,0,NULL,'2023-01-09 16:44:21','2023-01-09 16:44:21'),(2,'menus','menus','Menu','Menus','voyager-list','TCG\\Voyager\\Models\\Menu',NULL,'','',1,0,NULL,'2023-01-09 16:44:21','2023-01-09 16:44:21'),(3,'roles','roles','Role','Roles','voyager-lock','TCG\\Voyager\\Models\\Role',NULL,'TCG\\Voyager\\Http\\Controllers\\VoyagerRoleController','',1,0,NULL,'2023-01-09 16:44:21','2023-01-09 16:44:21'),(4,'facebook_searches','facebook_searches','Facebook Groups Search','Facebook Groups Search','voyager-lock','App\\Models\\FacebookSearch',NULL,NULL,NULL,1,0,'{\"order_column\":null,\"order_display_column\":null,\"order_direction\":\"desc\",\"default_search_key\":null,\"scope\":null}','2023-01-09 16:44:21','2023-01-31 18:04:57'),(5,'facebook_groups','facebook_groups','Facebook Group','Facebook Groups','voyager-facebook','App\\Models\\FacebookGroup',NULL,NULL,NULL,1,0,'{\"order_column\":null,\"order_display_column\":null,\"order_direction\":\"desc\",\"default_search_key\":null,\"scope\":null}','2023-01-09 16:44:21','2023-01-31 19:17:41'),(6,'accounts','accounts','Account','Accounts','voyager-lock','App\\Models\\Account',NULL,NULL,NULL,1,0,'{\"order_column\":null,\"order_display_column\":null,\"order_direction\":\"desc\",\"default_search_key\":null,\"scope\":null}','2023-01-09 16:44:21','2023-02-10 02:35:01'),(7,'tasks','tasks','Task','Tasks','voyager-book','App\\Models\\Task',NULL,NULL,NULL,1,0,'{\"order_column\":null,\"order_display_column\":null,\"order_direction\":\"desc\",\"default_search_key\":null,\"scope\":null}','2023-01-09 16:44:21','2023-02-10 17:37:04'),(8,'fb_accounts','fb_accounts','Facebook Account','Facebook Accounts','voyager-book','App\\Models\\FbAccount',NULL,NULL,NULL,0,0,'{\"order_column\":null,\"order_display_column\":null,\"order_direction\":\"desc\",\"default_search_key\":null,\"scope\":null}',NULL,'2023-03-03 04:04:10'),(9,'fb_account_tasks','fb_account_tasks','Facebook Accounts Order','Facebook Accounts Orders','voyager-book','App\\Models\\FbAccountTask',NULL,NULL,NULL,0,0,'{\"order_column\":null,\"order_display_column\":null,\"order_direction\":\"desc\",\"default_search_key\":null,\"scope\":null}',NULL,'2023-03-03 04:37:49');
/*!40000 ALTER TABLE `data_types` ENABLE KEYS */;
UNLOCK TABLES;

--
-- Table structure for table `facebook_groups`
--

DROP TABLE IF EXISTS `facebook_groups`;
/*!40101 SET @saved_cs_client     = @@character_set_client */;
/*!50503 SET character_set_client = utf8mb4 */;
CREATE TABLE `facebook_groups` (
  `id` bigint unsigned NOT NULL AUTO_INCREMENT,
  `title` text CHARACTER SET utf8mb4 COLLATE utf8mb4_unicode_ci NOT NULL,
  `url` text CHARACTER SET utf8mb4 COLLATE utf8mb4_unicode_ci NOT NULL,
  `created_at` timestamp NULL DEFAULT NULL,
  `updated_at` timestamp NULL DEFAULT NULL,
  `facebook_search_id` bigint unsigned NOT NULL,
  `is_run` int DEFAULT NULL,
  PRIMARY KEY (`id`)
) ENGINE=InnoDB AUTO_INCREMENT=3755 DEFAULT CHARSET=utf8mb4 COLLATE=utf8mb4_unicode_ci;
/*!40101 SET character_set_client = @saved_cs_client */;

--
-- Dumping data for table `facebook_groups`
--

LOCK TABLES `facebook_groups` WRITE;
/*!40000 ALTER TABLE `facebook_groups` DISABLE KEYS */;
INSERT INTO `facebook_groups` VALUES (1302,'Работа в Израиле','https://www.facebook.com/groups/jobisrael/',NULL,NULL,1,2),(1303,'Работа в Израиле подработка и услуги','https://www.facebook.com/groups/1431750886897875/',NULL,NULL,1,2),(1304,'Работа в Израиле - поиск вакансий','https://www.facebook.com/groups/353889304773260/',NULL,NULL,1,2),(1305,'РАБОТА ИЗРАИЛЬ','https://www.facebook.com/groups/1655637907818568/',NULL,NULL,1,2),(1306,'РАБОТА В ИЗРАИЛЕ','https://www.facebook.com/groups/820649084716876/',NULL,NULL,1,2),(1307,'РАБОТА И ПОДРАБОТКИ В ИЗРАИЛЕ ДЛЯ ВСЕХ','https://www.facebook.com/groups/1538540916465902/',NULL,NULL,1,2),(1308,'Работа в Израиле','https://www.facebook.com/groups/1810476265919534/',NULL,NULL,1,2),(1309,'Работа в Израиле / Work Israel / От работодателя','https://www.facebook.com/groups/3929042963887810/',NULL,NULL,1,2),(1310,'РАБОТА В ИЗРАИЛЕ','https://www.facebook.com/groups/350041868741699/',NULL,NULL,1,1),(1311,'Робота Ізраїль | Работа в Израиле','https://www.facebook.com/groups/569056139964128/',NULL,NULL,1,1),(1312,'Украинцы в Израиле','https://www.facebook.com/groups/israel.ua/',NULL,NULL,1,2),(1313,'РАБОТА ИЗРАИЛЬ⚝','https://www.facebook.com/groups/pa6otaisrael/',NULL,NULL,1,NULL),(1314,'Работа в Израиле!','https://www.facebook.com/groups/160409608165824/',NULL,NULL,1,NULL),(1315,'Работа Израиль','https://www.facebook.com/groups/workisraeli/',NULL,NULL,1,NULL),(1316,'работа израиль','https://www.facebook.com/groups/1852820525062648/',NULL,NULL,1,NULL),(1317,'Работа на русском языке в Израиле','https://www.facebook.com/groups/919120634860210/',NULL,NULL,1,NULL),(1318,'РАБОТА В ИЗРАИЛЕ','https://www.facebook.com/groups/1897258787265613/',NULL,NULL,1,NULL),(1319,'РАБОТА В ИЗРАИЛЕ','https://www.facebook.com/groups/1827935187436622/',NULL,NULL,1,NULL),(1320,'Работа на Севере Израиля-Наария, Акко, Крайот, Хайфа, Хадера','https://www.facebook.com/groups/rabota.israel.sever/',NULL,NULL,1,NULL),(1321,'Работа в Израиле - Work in Israel','https://www.facebook.com/groups/work.israel/',NULL,NULL,1,NULL),(1322,'Работа в Израиле- вакансии для украинцев','https://www.facebook.com/groups/1642194632761344/',NULL,NULL,1,NULL),(1323,'РАБОТА-ВЕСЬ ИЗРАИЛЬ!','https://www.facebook.com/groups/3071033976336774/',NULL,NULL,1,NULL),(1324,'Работа в Израиле','https://www.facebook.com/groups/459912198162632/',NULL,NULL,1,NULL),(1325,'Работа в Израиле','https://www.facebook.com/groups/JobsandWorkinIsrael/',NULL,NULL,1,NULL),(1326,'работа в израиле','https://www.facebook.com/groups/1409528565762555/',NULL,NULL,1,NULL),(1327,'Израильская доска бесплатных объявлений','https://www.facebook.com/groups/israelinfoo/',NULL,NULL,1,NULL),(1328,'РАБОТА В ИЗРАИЛЕ','https://www.facebook.com/groups/1259192504215713/',NULL,NULL,1,NULL),(1329,'РАБОТА В ИЗРАИЛЕ','https://www.facebook.com/groups/369518267182459/',NULL,NULL,1,NULL),(1330,'Работа в Израиле','https://www.facebook.com/groups/1276800569040702/',NULL,NULL,1,NULL),(1331,'Работа в Израиле/ Услуги / обьявления','https://www.facebook.com/groups/527796164088472/',NULL,NULL,1,NULL),(1332,'Работа в Израиле','https://www.facebook.com/groups/513659028805628/',NULL,NULL,1,NULL),(1333,'РАБОТА В ИЗРАИЛЕ ДЛЯ РУССКОЯЗЫЧНОГО НАСЕЛЕНИЯ!!!!','https://www.facebook.com/groups/1892841384369277/',NULL,NULL,1,NULL),(1334,'Ищу & предлагаю работу','https://www.facebook.com/groups/rabotadljavseh/',NULL,NULL,1,NULL),(1335,'Работа Израиль ??','https://www.facebook.com/groups/8701583136533795/',NULL,NULL,1,NULL),(1336,'Израиль - достойная работа всем !','https://www.facebook.com/groups/avodatova/',NULL,NULL,1,NULL),(1337,'РАБОТА В ИЗРАИЛЕ ДЛЯ ВСЕХ!!!','https://www.facebook.com/groups/2296654393970814/',NULL,NULL,1,NULL),(1338,'Работа Вакансии Израиль','https://www.facebook.com/groups/162634937268673/',NULL,NULL,1,NULL),(1339,'Работа в Израиле / Work Israel / עבוד בישראל','https://www.facebook.com/groups/workisraelrabota/',NULL,NULL,1,NULL),(1340,'Доска бесплатных  объявлений Израиля.','https://www.facebook.com/groups/1447797655538261/',NULL,NULL,1,NULL),(1341,'Работа в Израиле','https://www.facebook.com/groups/jobs.il.ru/',NULL,NULL,1,NULL),(1342,'$ Работа Израиль $','https://www.facebook.com/groups/590642855301965/',NULL,NULL,1,NULL),(1343,'Работа Рабочие требуются Израиль','https://www.facebook.com/groups/124997811230661/',NULL,NULL,1,NULL),(1344,'РАБОТА В ИЗРАИЛЕ/דרושים','https://www.facebook.com/groups/123557171587914/',NULL,NULL,1,NULL),(1345,'Работа в Израиле без посредников','https://www.facebook.com/groups/3038755876250700/',NULL,NULL,1,NULL),(1346,'Срочно Ищу Работу В Израиле','https://www.facebook.com/groups/1641552842804716/',NULL,NULL,1,NULL),(1347,'Работа в Израиле для всех','https://www.facebook.com/groups/1255808271461510/',NULL,NULL,1,NULL),(1348,'Работа в Израиле!!! Лучшие вакансии!!!','https://www.facebook.com/groups/2419328621707642/',NULL,NULL,1,NULL),(1349,'Работа в Израиле','https://www.facebook.com/groups/myworkpro/',NULL,NULL,1,NULL),(1350,'Метапелет Работа Израиль','https://www.facebook.com/groups/MetapeletIsrael/',NULL,NULL,1,NULL),(1351,'Тель-Авив Работа Вакансии Специалисты Израиль Помогаем Нашим!','https://www.facebook.com/groups/rotfront.telaviv/',NULL,NULL,1,NULL),(1352,'Работа в Лос Анджелес - Калифорния / Jobs in Los Angeles - California','https://www.facebook.com/groups/jobinlosangeles/',NULL,NULL,1,NULL),(1353,'??? Требуются-Работа-Охрана-Центр-Израиль ???','https://www.facebook.com/groups/990736978570056/',NULL,NULL,1,NULL),(1354,'ИЗРАИЛЬ | ДОСКА БЕСПЛАТНЫХ ОБЪЯВЛЕНИЙ','https://www.facebook.com/groups/818114931643569/',NULL,NULL,1,NULL),(1355,'Работа в Израиле, все вакансии','https://www.facebook.com/groups/2864715080411278/',NULL,NULL,1,NULL),(1356,'Хайфа » Доска объявлений Израиля','https://www.facebook.com/groups/HaifaBoard/',NULL,NULL,1,NULL),(1357,'Работа Израиль бесплатные объявления','https://www.facebook.com/groups/118427222062711/',NULL,NULL,1,NULL),(1358,'работа израиль','https://www.facebook.com/groups/331726677753116/',NULL,NULL,1,NULL),(1359,'Работа в Израиле','https://www.facebook.com/groups/listjob/',NULL,NULL,1,NULL),(1360,'ДОСКА ОБЪЯВЛЕНИЙ ИЗРАИЛЬ','https://www.facebook.com/groups/classifieds.israel/',NULL,NULL,1,NULL),(1361,'עבודה בחיפה ובקריות работа в Хайфе и в Крайот','https://www.facebook.com/groups/204982839886226/',NULL,NULL,1,NULL),(1362,'Работа и вакансии на юге и в центре Израиля.','https://www.facebook.com/groups/1613712888943873/',NULL,NULL,1,NULL),(1363,'Работа в Израиле и Подработка/ישראל משרה חלקית!!!','https://www.facebook.com/groups/1927554477531706/',NULL,NULL,1,NULL),(1364,'Работа в Израиле для всех','https://www.facebook.com/groups/263811325341611/',NULL,NULL,1,NULL),(1365,'Израиль Доска объявлений Израиля, События в Израиле, Купи продай  в Израиле','https://www.facebook.com/groups/royal.eventil/',NULL,NULL,1,NULL),(1366,'ДОСКА ОБЪЯВЛЕНИЙ ИЗРАИЛЬ','https://www.facebook.com/groups/brootto.co.il/',NULL,NULL,1,NULL),(1367,'Требуются в Израиле','https://www.facebook.com/groups/363902980325493/',NULL,NULL,1,NULL),(1368,'Работа \nИзраиль','https://www.facebook.com/groups/395641670868765/',NULL,NULL,1,NULL),(1369,'Работа в Израиле - Петах-Тиква, Нетания, Реховот, Центр','https://www.facebook.com/groups/483078722310930/',NULL,NULL,1,NULL),(1370,'Работа в Израиле','https://www.facebook.com/groups/266458553799459/',NULL,NULL,1,NULL),(1371,'4WORK - Работа в Израиле','https://www.facebook.com/groups/www.isra.work/',NULL,NULL,1,NULL),(1372,'Работа в Израиле!!!','https://www.facebook.com/groups/296716491049233/',NULL,NULL,1,NULL),(1373,'Работа в Израиле','https://www.facebook.com/groups/1908525119253620/',NULL,NULL,1,NULL),(1374,'Lucru legal în Israel !!! работа в Израиль','https://www.facebook.com/groups/2270549319869981/',NULL,NULL,1,NULL),(1375,'доски объявлений в израиле на русском языке - www.ads-israel.do.am','https://www.facebook.com/groups/adsisrael/',NULL,NULL,1,NULL),(1376,'РАБОТА В ИЗРАИЛЕ','https://www.facebook.com/groups/rabotavisrael/',NULL,NULL,1,NULL),(1377,'работа в Израиле','https://www.facebook.com/groups/365233455043375/',NULL,NULL,1,NULL),(1378,'Работа в Израиле(Центр, юг, север)','https://www.facebook.com/groups/2101035906784351/',NULL,NULL,1,NULL),(1379,'Работа в Израиле ??','https://www.facebook.com/groups/409488347222057/',NULL,NULL,1,NULL),(1380,'דרושים ישראל Израиль работа для всех','https://www.facebook.com/groups/3595905360452787/',NULL,NULL,1,NULL),(1381,'Горячие вакансии в Израиле','https://www.facebook.com/groups/276532807608422/',NULL,NULL,1,NULL),(1382,'ДОСКА ОБЪЯВЛЕНИЙ - НАШ ИЗРАИЛЬ','https://www.facebook.com/groups/967693269960509/',NULL,NULL,1,NULL),(1383,'Работа в Израиле - все регионы','https://www.facebook.com/groups/320573951990326/',NULL,NULL,1,NULL),(1384,'работа в Израиле','https://www.facebook.com/groups/883221181691265/',NULL,NULL,1,NULL),(1385,'Работа в Израиле - для тех, кто ее ищет','https://www.facebook.com/groups/310563576689115/',NULL,NULL,1,NULL),(1386,'РАБОТА В ИЗРАИЛЕ(עבודות במרכז)КВАРТИРЫ НА СЪЕМ (ЦЕНТР)','https://www.facebook.com/groups/787033394766463/',NULL,NULL,1,NULL),(1387,'Израиль | Работа Job Search | Russian Israel | Помогаем Нашим!','https://www.facebook.com/groups/pomogaem.Israel.jobs/',NULL,NULL,1,NULL),(1388,'работа Израиль דוברי רוסית גיוס משרות  כח אדם -דרושים - מפה לאוזן  עבודה','https://www.facebook.com/groups/354986101591669/',NULL,NULL,1,NULL),(1389,'Работа в Израиле','https://www.facebook.com/groups/3056091917766660/',NULL,NULL,1,NULL),(1390,'\"ТВОЯ НОВАЯ РАБОТА – ЭТО НАША ЗАБОТА!\" - ВЕСЬ ИЗРАИЛЬ\". \"МАОФ','https://www.facebook.com/groups/Novaya.rabota/',NULL,NULL,1,NULL),(1391,'Работа Израиль | Вакансии ??','https://www.facebook.com/groups/israelads/',NULL,NULL,1,NULL),(1392,'Доска объявлений - весь Израиль ?','https://www.facebook.com/groups/doskail/',NULL,NULL,1,NULL),(1393,'Израильская доска бесплатных объявлений','https://www.facebook.com/groups/isradoska/',NULL,NULL,1,NULL),(1394,'Работа в Израиле\"WORKBOOK\"','https://www.facebook.com/groups/1853409901347514/',NULL,NULL,1,NULL),(1395,'Работа Израиль','https://www.facebook.com/groups/1406543759698581/',NULL,NULL,1,NULL),(1396,'Работа Израиль','https://www.facebook.com/groups/627964541421713/',NULL,NULL,1,NULL),(1397,'Работа, вакансии, Весь Израиль','https://www.facebook.com/groups/477908497070500/',NULL,NULL,1,NULL),(1398,'Работа в Израиле','https://www.facebook.com/groups/1498913290422784/',NULL,NULL,1,NULL),(1399,'работа в израиле','https://www.facebook.com/groups/1137580692950161/',NULL,NULL,1,NULL),(1400,'РАБОТА В ИЗРАИЛЕ, ТРУДОУСТРОЙСТВА.','https://www.facebook.com/groups/234221528489958/',NULL,NULL,1,NULL),(1401,'Израиль Работа Вакансии Специалисты Помогаем Нашим!','https://www.facebook.com/groups/pn.israel.jobs/',NULL,NULL,1,NULL),(1402,'Работа и услуги в Израиле ?','https://www.facebook.com/groups/rabotail/',NULL,NULL,1,NULL),(1403,'Работа в Израиле','https://www.facebook.com/groups/292945147812027/',NULL,NULL,1,NULL),(1404,'Вся работа в Израиле','https://www.facebook.com/groups/479617628880542/',NULL,NULL,1,NULL),(1405,'Израиль!Бизнес!Работа,Квартиры!Аренда,Доска объявлений!עבודה,לוח,יד שניה!','https://www.facebook.com/groups/335306476925337/',NULL,NULL,1,NULL),(1406,'Питерская алия в Тель-Авиве (и других городах Израиля)','https://www.facebook.com/groups/397162995894019/',NULL,NULL,1,NULL),(1407,'Работа в Израиле. Правильный выбор.','https://www.facebook.com/groups/300148220404561/',NULL,NULL,1,NULL),(1408,'Работа Израиль Для Всех','https://www.facebook.com/groups/276306184278760/',NULL,NULL,1,NULL),(1409,'Доска объявлений Израиля','https://www.facebook.com/groups/catalogisraelcom/',NULL,NULL,1,NULL),(1410,'Работа в Израиле','https://www.facebook.com/groups/409742129834827/',NULL,NULL,1,NULL),(1411,'Работа עבודה-Израиль','https://www.facebook.com/groups/1294084107349315/',NULL,NULL,1,NULL),(1412,'Работа В Израиле','https://www.facebook.com/groups/2006148359694039/',NULL,NULL,1,NULL),(1413,'Работа для всех в Израиле!','https://www.facebook.com/groups/416893662373845/',NULL,NULL,1,NULL),(1414,'Первая работа в Израиле','https://www.facebook.com/groups/685454301944638/',NULL,NULL,1,NULL),(1415,'Работа Израиль..','https://www.facebook.com/groups/362858755106639/',NULL,NULL,1,NULL),(1416,'Крайот » Доска объявлений Израиля','https://www.facebook.com/groups/KrayotBoard/',NULL,NULL,1,NULL),(1417,'Работа в Израиле (центр)','https://www.facebook.com/groups/307343427317388/',NULL,NULL,1,NULL),(1419,'РАБОТА В ИЗРАИЛЕ','https://www.facebook.com/groups/1699097810355708/',NULL,NULL,1,NULL),(1420,'Израиль 7|24','https://www.facebook.com/groups/isrsel7.24/',NULL,NULL,1,NULL),(1421,'Работа Израиль','https://www.facebook.com/groups/836586440208101/',NULL,NULL,1,NULL),(1422,'Работа в Петах-Тикве - Вакансии - Ищу работу - Петах-Тиква хорошая работа','https://www.facebook.com/groups/rabotapetahtikva/',NULL,NULL,1,NULL),(1423,'Работа в Израиле. Официальное трудоустройство','https://www.facebook.com/groups/897268007744473/',NULL,NULL,1,NULL),(1424,'ИЗРАИЛЬ Тель-Авив Назарет Хайфа Рамла Иерусалим Беэр-Шева Ариэль Ашдод ...','https://www.facebook.com/groups/israel2024/',NULL,NULL,1,NULL),(1425,'Подработки на мероприятиях / Работа Израиль','https://www.facebook.com/groups/1278671299342123/',NULL,NULL,1,NULL),(1426,'Объявления - Израиль','https://www.facebook.com/groups/1502417819770558/',NULL,NULL,1,NULL),(1427,'Работа. Израиль.','https://www.facebook.com/groups/487295101478359/',NULL,NULL,1,NULL),(1428,'Работа вакансии Израиль','https://www.facebook.com/groups/288850931961253/',NULL,NULL,1,NULL),(1429,'Бесплатные обьявления.Израиль.Работа.','https://www.facebook.com/groups/405625039785932/',NULL,NULL,1,NULL),(1430,'РАБОТА \\ עבודה - Объявления. Израиль. לוח מודעות . ישראל','https://www.facebook.com/groups/1546389112060327/',NULL,NULL,1,NULL),(1431,'Работа в Израиле','https://www.facebook.com/groups/1796631943903285/',NULL,NULL,1,NULL),(1433,'Работа в центре Израиля','https://www.facebook.com/groups/1973912452858039/',NULL,NULL,1,NULL),(1434,'Хайфа, Крает и весь Север Израиля!','https://www.facebook.com/groups/haifab2b/',NULL,NULL,1,NULL),(1435,'Работа. Израиль. Трудоустройство','https://www.facebook.com/groups/668499784952106/',NULL,NULL,1,NULL),(1436,'Работа в Израиле','https://www.facebook.com/groups/809498823301357/',NULL,NULL,1,NULL),(1437,'Работа!!! Работа!!! юг и центр Израиля','https://www.facebook.com/groups/430936374499466/',NULL,NULL,1,NULL),(1438,'Работа-Израиль-Ищем-Предоставляем','https://www.facebook.com/groups/327288517759263/',NULL,NULL,1,NULL),(1439,'Работа в Израиль','https://www.facebook.com/groups/372194881096923/',NULL,NULL,1,NULL),(1440,'Доска Бесплатных объявлений весь Израиль. Реклама без ограничений!','https://www.facebook.com/groups/1797646100315508/',NULL,NULL,1,NULL),(1441,'Это Израиль, Детка...??','https://www.facebook.com/groups/OSvoem/',NULL,NULL,1,NULL),(1442,'РАБОТА ИЗРАИЛЬ','https://www.facebook.com/groups/974580829965559/',NULL,NULL,1,NULL),(1443,'Вакансии Израиль','https://www.facebook.com/groups/846770603028779/',NULL,NULL,1,NULL),(1444,'ИЗРАИЛЬ.Бесплатная реклама! Рекламируй себя сам!','https://www.facebook.com/groups/allycomreklama/',NULL,NULL,1,NULL),(1445,'Израиль Online ??','https://www.facebook.com/groups/614044489071632/',NULL,NULL,1,NULL),(1446,'✏ Работа и услуги в Петах-Тикве ⒿⓄⒷ','https://www.facebook.com/groups/JobPetahTikvaRus/',NULL,NULL,1,NULL),(1447,'Работа для туристов в Израиле!От проверенного работодателя','https://www.facebook.com/groups/278397993283821/',NULL,NULL,1,NULL),(1448,'Есть работа Хайфа Крайот Север','https://www.facebook.com/groups/haifajobs/',NULL,NULL,1,NULL),(1449,'Работа в Нетании - Вакансии - Ищу работу - Хорошая работа Нетания','https://www.facebook.com/groups/netaniarabota/',NULL,NULL,1,NULL),(1450,'Работа Израиль . Доска обьявлений','https://www.facebook.com/groups/891170521894161/',NULL,NULL,1,NULL),(1451,'Сарафанное радио ? ИЗРАИЛЯ ♥️','https://www.facebook.com/groups/1440876235941861/',NULL,NULL,1,NULL),(1452,'РАБОТА В ЭЙЛАТЕ','https://www.facebook.com/groups/450204458504091/',NULL,NULL,1,NULL),(1453,'Работа в Израиле -  Назарет, Нагария, Акко, Север','https://www.facebook.com/groups/1287037811440323/',NULL,NULL,1,NULL),(1454,'✏ Работа и услуги в Тель Авив ⒿⓄⒷ','https://www.facebook.com/groups/JobTelAvivRus/',NULL,NULL,1,NULL),(1455,'Бесплатная доска объявлений в Израиле','https://www.facebook.com/groups/824579077585876/',NULL,NULL,1,NULL),(1456,'Работа в Израиле ( Стройка )','https://www.facebook.com/groups/900961493717720/',NULL,NULL,1,NULL),(1457,'Знакомства в Израиле','https://www.facebook.com/groups/520626535395056/',NULL,NULL,1,NULL),(1458,'Работа в Израиле для всех','https://www.facebook.com/groups/2416950431850384/',NULL,NULL,1,NULL),(1459,'Работа Израиль My Jobs','https://www.facebook.com/groups/983760098414736/',NULL,NULL,1,NULL),(1460,'Израиль с любовью','https://www.facebook.com/groups/loveisrael.ru/',NULL,NULL,1,NULL),(1461,'Работа в Израиле. Реальные бесплатные и платные вакансии.','https://www.facebook.com/groups/1267853343300180/',NULL,NULL,1,NULL),(1462,'??Работа Израиль ??','https://www.facebook.com/groups/445301660715576/',NULL,NULL,1,NULL),(1463,'ИЗРАИЛЬ РАБОТА.','https://www.facebook.com/groups/1785275581762648/',NULL,NULL,1,NULL),(1465,'ИЗРАИЛЬ ОБЪЯВЛЕНИЯ В ИЗРАИЛЕ, РЕКЛАМА, БИЗНЕС, ПИАР','https://www.facebook.com/groups/doskavip.net.israel.obyavleniya/',NULL,NULL,1,NULL),(1466,'Работа в Беэр Шеве - Вакансии - Ищу работу - Хорошая работа Беэр-Шева','https://www.facebook.com/groups/rabotabeersheva/',NULL,NULL,1,NULL),(1467,'Работа/Подработка - Горячие вакансии - Израиль','https://www.facebook.com/groups/457700953037849/',NULL,NULL,1,NULL),(1468,'работа и подработка на юге Израиля','https://www.facebook.com/groups/401577205184975/',NULL,NULL,1,NULL),(1469,'Беэр Шева юг Израиля и другие новости','https://www.facebook.com/groups/141596652578472/',NULL,NULL,1,NULL),(1471,'ищу модель Израиль ??','https://www.facebook.com/groups/345242315993614/',NULL,NULL,1,NULL),(1472,'ИЗРАИЛЬ-РАБОТА-БИЗНЕС-УСЛУГИ-ТОВАРЫ?','https://www.facebook.com/groups/all.Israel.1/',NULL,NULL,1,NULL),(1473,'Работа в Хайфе','https://www.facebook.com/groups/609273755905373/',NULL,NULL,1,NULL),(1476,'ИЗРАИЛЬ РАБОТА  - СВЕЖИЕ ВАКАНСИИ - БЕЗОПАСНО','https://www.facebook.com/groups/257355826566579/',NULL,NULL,1,NULL),(1477,'Работа/Вакансии/Трудоустройство/Израиль','https://www.facebook.com/groups/bondarshumanresourcec/',NULL,NULL,1,NULL),(1478,'Работа !!!! Израиль!!!!','https://www.facebook.com/groups/243245734170812/',NULL,NULL,1,NULL),(1479,'Доска объявлений Израиль','https://www.facebook.com/groups/doskaisrael/',NULL,NULL,1,NULL),(1480,'Русскоязычный Израиль','https://www.facebook.com/groups/1513454405560534/',NULL,NULL,1,NULL),(1482,'работа уборки весь Израиль!кто ищет работу???','https://www.facebook.com/groups/814062343215148/',NULL,NULL,1,NULL),(1483,'Израиль Тель-Авив Иерусалим Хайфа Ришон-ле-Цион Ашдод ПетахТиква Беэр Шева','https://www.facebook.com/groups/RussianIsrael/',NULL,NULL,1,NULL),(1484,'Метаплим работа Израиль!','https://www.facebook.com/groups/347334345941620/',NULL,NULL,1,NULL),(1485,'Работа Израиль Тел Авив','https://www.facebook.com/groups/398999488975575/',NULL,NULL,1,NULL),(1486,'Работа Поваром(Израиль)','https://www.facebook.com/groups/501986520638455/',NULL,NULL,1,NULL),(1487,'Работа и подработка','https://www.facebook.com/groups/MosWork/',NULL,NULL,1,NULL),(1488,'Работа - Израиль','https://www.facebook.com/groups/419063658675835/',NULL,NULL,1,NULL),(1489,'Израиль - отдыхающий !!!','https://www.facebook.com/groups/377680662301500/',NULL,NULL,1,NULL),(1491,'Работа в Нетании','https://www.facebook.com/groups/615841175595175/',NULL,NULL,1,NULL),(1492,'Работа в  Литве, Латвии, Эстонии','https://www.facebook.com/groups/1582570661861929/',NULL,NULL,1,NULL),(1493,'\"РАБОТА УКРАИНА\"','https://www.facebook.com/groups/353038955168807/',NULL,NULL,1,NULL),(1494,'Работа/ Вакансии','https://www.facebook.com/groups/1064439090353286/',NULL,NULL,1,NULL),(1496,'Работа в Хайфе и Крайот','https://www.facebook.com/groups/BROOTTO.Jobs/',NULL,NULL,1,NULL),(1498,'Фушки , работа v PRAGUE !!!','https://www.facebook.com/groups/208280583637499/',NULL,NULL,1,NULL),(1500,'Yad2 Объявления в Израиле На русском (Аренда жилья)(Работа)(Купить Продать)','https://www.facebook.com/groups/yad2ruofficial/',NULL,NULL,1,NULL),(1501,'РАБОТА В ИЗРАИЛЕ??Вакансии דרושים. עבודה','https://www.facebook.com/groups/1151547474981704/',NULL,NULL,1,NULL),(1502,'Работа в Израиле - горячие вакансии','https://www.facebook.com/groups/414897095904286/',NULL,NULL,1,NULL),(1503,'Работа юг Израиля','https://www.facebook.com/groups/221442765665409/',NULL,NULL,1,NULL),(1504,'Израиль + реклама, объявления, общество','https://www.facebook.com/groups/israelplus/',NULL,NULL,1,NULL),(1505,'Работа в Израиле/עבודה בכל הארץ ובכל התחומים','https://www.facebook.com/groups/413264492216080/',NULL,NULL,1,NULL),(1506,'Работа в Израиле(2018)- прямое трудоустройство עבודה בישראל -','https://www.facebook.com/groups/jobmisrad/',NULL,NULL,1,NULL),(1507,'Бат-Ям❤ Русская Улица ❤','https://www.facebook.com/groups/1586529588148261/',NULL,NULL,1,NULL),(1508,'РаботаДатели Израиль!','https://www.facebook.com/groups/1847273605445983/',NULL,NULL,1,NULL),(1509,'Израиль! Куплю-продам. Работа. Недвижимость. Услуги. Бизнес. Реклама','https://www.facebook.com/groups/2807961595992176/',NULL,NULL,1,NULL),(1510,'ИЗРАИЛЬ. РАБОТА И ЖИЗНЬ.✡️','https://www.facebook.com/groups/996697804357285/',NULL,NULL,1,NULL),(1511,'Метапелет! Метаплим!Метаплот!ИЗРАИЛЬ!','https://www.facebook.com/groups/610396819897437/',NULL,NULL,1,NULL),(1512,'Работа и свободные вакансии Нетании','https://www.facebook.com/groups/873298086383121/',NULL,NULL,1,NULL),(1513,'Иерусалим /Русскоязычная улица ??','https://www.facebook.com/groups/jerusalim.rus/',NULL,NULL,1,NULL),(1514,'Работа Израиль','https://www.facebook.com/groups/1913228172292298/',NULL,NULL,1,NULL),(1515,'МЕТАПЕЛЕТ! РАБОТА! ИЗРАИЛЬ','https://www.facebook.com/groups/Anuncii/',NULL,NULL,1,NULL),(1516,'Эйлат - Работа , Жильё , Предложения - אילת ‏עבודה ‏נכס הצעות','https://www.facebook.com/groups/196224844599560/',NULL,NULL,1,NULL),(1517,'РАБОТА В ЕВРОПЕ 2022','https://www.facebook.com/groups/work.stream/',NULL,NULL,1,NULL),(1518,'Уборка квартир в израиле!Никайон!центр!','https://www.facebook.com/groups/2776471305988505/',NULL,NULL,1,NULL),(1519,'ИЗРАИЛЬ РЕКЛАМА','https://www.facebook.com/groups/ad.israel/',NULL,NULL,1,NULL),(1521,'Русскоговорящий Израиль','https://www.facebook.com/groups/214305383524127/',NULL,NULL,1,NULL),(1522,'Израиль Работа Услуги Жильё и Прочее Network Pomogaem.ORG','https://www.facebook.com/groups/pomogaem.israel/',NULL,NULL,1,NULL),(1523,'Израиль Работа','https://www.facebook.com/groups/2145657612165943/',NULL,NULL,1,NULL),(1524,'Израиль доска объявлений','https://www.facebook.com/groups/1149741285100002/',NULL,NULL,1,NULL),(1525,'Реклама . Израиль.','https://www.facebook.com/groups/718091665935493/',NULL,NULL,1,NULL),(1527,'Работа Израиль','https://www.facebook.com/groups/2937007296525007/',NULL,NULL,1,NULL),(1540,'Работа русских коах адам и людей которые ищут работу!!','https://www.facebook.com/groups/300094823833274/',NULL,NULL,1,NULL),(1541,'Работа Израиль','https://www.facebook.com/groups/865819464273034/',NULL,NULL,1,NULL),(1548,'Совет другу в Израиле','https://www.facebook.com/groups/pishpishuk.ru/',NULL,NULL,1,NULL),(1549,'Доска-Объявлений.IL (Израиль)','https://www.facebook.com/groups/doskaobyavleniy.IL/',NULL,NULL,1,NULL),(1551,'Русский Север Израиля','https://www.facebook.com/groups/russkiiseverisraelia/',NULL,NULL,1,NULL),(1552,'Ищу Работу В Израиле / מחפש עבודה','https://www.facebook.com/groups/1148669462157127/',NULL,NULL,1,NULL),(1553,'Работа в нетании -хадере','https://www.facebook.com/groups/1900933010171761/',NULL,NULL,1,NULL),(1555,'?КВАРТИРЫ ?РАБОТА ??ИЗРАИЛЬ','https://www.facebook.com/groups/522252231304570/',NULL,NULL,1,NULL),(1556,'ДОМАШНЯЯ ЕДА И РАБОТА В ИЗРАИЛЕ','https://www.facebook.com/groups/1111829735543620/',NULL,NULL,1,NULL),(1557,'Доска объявлений. לוח מודעות Работа в израиле. נותנים עבודה  מחפשים עבודה','https://www.facebook.com/groups/214712928961693/',NULL,NULL,1,NULL),(1558,'Ищем попутчиков из Израиля','https://www.facebook.com/groups/189053824893537/',NULL,NULL,1,NULL),(1559,'МЕТАПЕЛЕТ! РАБОТА! ИЗРАИЛЬ!','https://www.facebook.com/groups/uspehi/',NULL,NULL,1,NULL),(1560,'работа  Израиль работа','https://www.facebook.com/groups/1147617205732691/',NULL,NULL,1,NULL),(1561,'Реклама в Facebook ( Израиль )','https://www.facebook.com/groups/1402841976664671/',NULL,NULL,1,NULL),(2200,'Тель Авив по-русски - город Тель Авив - עיר תל אביב','https://www.facebook.com/groups/telaviv.gorod/',NULL,NULL,7,NULL),(2202,'Для тех кто ищет  или предлагает работу в Израиле.','https://www.facebook.com/groups/554854751336848/',NULL,NULL,7,NULL),(2203,'Тель Авив.Работа.Центр Израиля.','https://www.facebook.com/groups/303816721052789/',NULL,NULL,7,NULL),(2204,'Русские в Тель Авиве','https://www.facebook.com/groups/272347750256840/',NULL,NULL,7,NULL),(2205,'Рамат Ган-Гиватаим-Тель-Авив-Центр страны','https://www.facebook.com/groups/centerisrael/',NULL,NULL,7,NULL),(2211,'Тель-Авив . Поиск работы и работников.','https://www.facebook.com/groups/612856549070116/',NULL,NULL,7,NULL),(2463,'ИЩУ РАБОТУ  מחפש עבודה','https://www.facebook.com/groups/338423746281737/',NULL,NULL,7,NULL),(2575,'Метапелет и работа в Израиле','https://www.facebook.com/groups/1899335470280976/',NULL,NULL,8,NULL),(2577,'Работа.IL - Поиск работы в Израиле','https://www.facebook.com/groups/israel.rabota.il/',NULL,NULL,8,NULL),(2578,'Работа для всех в Израиле','https://www.facebook.com/groups/367152361756560/',NULL,NULL,8,NULL),(2579,'Работа в Израиле','https://www.facebook.com/groups/236033323816181/',NULL,NULL,8,NULL),(2580,'Работа в Израиле','https://www.facebook.com/groups/335898922045034/',NULL,NULL,8,NULL),(2581,'Работа в Израиле','https://www.facebook.com/groups/israelwork/',NULL,NULL,8,NULL),(2582,'Работа в Израиле!','https://www.facebook.com/groups/marinaw/',NULL,NULL,8,NULL),(2583,'Работа в Израиле','https://www.facebook.com/groups/232425324003360/',NULL,NULL,8,NULL),(2584,'РАБОТА В ИЗРАИЛЕ','https://www.facebook.com/groups/1763601073696944/',NULL,NULL,8,NULL),(2585,'РАБОТА ДЛЯ ДОМРАБОТНИЦ В ИЗРАИЛЕ','https://www.facebook.com/groups/2676158606011539/',NULL,NULL,8,NULL),(2586,'Работа в Израиле/требуется','https://www.facebook.com/groups/829401185136313/',NULL,NULL,8,NULL),(2587,'Работа в Израиле','https://www.facebook.com/groups/636700289825944/',NULL,NULL,8,NULL),(2588,'Работа в Израиле','https://www.facebook.com/groups/309518946667370/',NULL,NULL,8,NULL),(2589,'Работа в Израиле','https://www.facebook.com/groups/732806361360371/',NULL,NULL,8,NULL),(2590,'Работа в Израиле','https://www.facebook.com/groups/140607609984272/',NULL,NULL,8,NULL),(2591,'работа в Израиле','https://www.facebook.com/groups/469258961437801/',NULL,NULL,8,NULL),(2592,'Работа в Израиле','https://www.facebook.com/groups/463395071553436/',NULL,NULL,8,NULL),(2593,'Работа в Израиле Work','https://www.facebook.com/groups/568377818051806/',NULL,NULL,8,NULL),(2594,'Работа в Израиле- Вакансии - Ищу работу - Хорошая работа Израиле','https://www.facebook.com/groups/rabotavizraile/',NULL,NULL,8,NULL),(2595,'РАБОТА В ИЗРАИЛЕ И В АНГЛИИ ??????','https://www.facebook.com/groups/nikolozjob.rabota/',NULL,NULL,8,NULL),(2596,'RABOTA ISRAEL -РАБОТА В ИЗРАИЛЕ','https://www.facebook.com/groups/531007554002345/',NULL,NULL,8,NULL),(2598,'IL4RU • Работа в Израиле | Хайфа, требуется, ищу, заработок, Ашкелон, Ашдод','https://www.facebook.com/groups/3173862769538720/',NULL,NULL,8,NULL),(2599,'Работа в Израиле. Легальное трудоустройство.','https://www.facebook.com/groups/318564122263060/',NULL,NULL,8,NULL),(2600,'РАБОТА В ИЗРАИЛЕ','https://www.facebook.com/groups/WIIAgency/',NULL,NULL,8,NULL),(2601,'Jobs in Israel / Работа в Израиле  / עבודה בישראל','https://www.facebook.com/groups/temirinfokz/',NULL,NULL,8,NULL),(2602,'Работа в Израиле для туристов','https://www.facebook.com/groups/402415424014907/',NULL,NULL,8,NULL),(2603,'Работа в Израиле от прямого работодателя.Jobs in Israel.','https://www.facebook.com/groups/886161005382378/',NULL,NULL,8,NULL),(2604,'Работа в Израиле Вакансии Jobs in Israel vacancies employment Jobs abroad','https://www.facebook.com/groups/1012470929607386/',NULL,NULL,8,NULL),(2605,'РАБОТА! АШДОД И   ВЕСЬ  ИЗРИЛЬדרושים! אשדוד וכול הארץ !','https://www.facebook.com/groups/2029142084035126/',NULL,NULL,8,NULL),(2606,'Работа в Израиле','https://www.facebook.com/groups/616588035632556/',NULL,NULL,8,NULL),(2607,'Работа в Израиле','https://www.facebook.com/groups/israelrabota/',NULL,NULL,8,NULL),(2608,'דרושים בישראל / Работа в Израиле','https://www.facebook.com/groups/2662697943862632/',NULL,NULL,8,NULL),(2609,'Работа в Израиле и в мире','https://www.facebook.com/groups/1821790294791085/',NULL,NULL,8,NULL),(2610,'Работа в Израиле','https://www.facebook.com/groups/448851989323242/',NULL,NULL,8,NULL),(2611,'Работа в Израиле','https://www.facebook.com/groups/2060771320833402/',NULL,NULL,8,NULL),(2612,'Работа в Израиле','https://www.facebook.com/groups/579149970221578/',NULL,NULL,8,NULL),(2613,'работа в израиле','https://www.facebook.com/groups/1662139300778309/',NULL,NULL,8,NULL),(2614,'Работа в Израиле','https://www.facebook.com/groups/823401985656094/',NULL,NULL,8,NULL),(2615,'Работа в Израиле','https://www.facebook.com/groups/308882619515506/',NULL,NULL,8,NULL),(2616,'?? Работа в Израиле ??','https://www.facebook.com/groups/963610180745758/',NULL,NULL,8,NULL),(2617,'Работа в Израиле','https://www.facebook.com/groups/292846278920446/',NULL,NULL,8,NULL),(2618,'Работа в Израиле','https://www.facebook.com/groups/844404156140082/',NULL,NULL,8,NULL),(2619,'Работа в Израиле','https://www.facebook.com/groups/846773573004448/',NULL,NULL,8,NULL),(2620,'Работа в Израиле','https://www.facebook.com/groups/rabotainisrael/',NULL,NULL,8,NULL),(2621,'Работа в Израиле','https://www.facebook.com/groups/719674728761587/',NULL,NULL,8,NULL),(2622,'Работа в Израиле, Реклама, ОБЪЯВЛЕНИЯ Услуги, общение, Бизнес','https://www.facebook.com/groups/847247682075105/',NULL,NULL,8,NULL),(2623,'Работа в Израиле.','https://www.facebook.com/groups/2988722677858266/',NULL,NULL,8,NULL),(2624,'РАБОТА В ИЗРАИЛЕ','https://www.facebook.com/groups/5138948192825793/',NULL,NULL,8,NULL),(2625,'The beast Работа в Израиле.','https://www.facebook.com/groups/411543153404798/',NULL,NULL,8,NULL),(2626,'Работа  в Израиле','https://www.facebook.com/groups/192331114700135/',NULL,NULL,8,NULL),(2627,'Работа в Израиле','https://www.facebook.com/groups/382159572468888/',NULL,NULL,8,NULL),(2628,'Работа в Израиле','https://www.facebook.com/groups/234648917066111/',NULL,NULL,8,NULL),(2629,'Работа в Израиле','https://www.facebook.com/groups/366772548644203/',NULL,NULL,8,NULL),(2630,'РАБОТА В  ИЗРАИЛЕ דרושים עבודים/ות תל אביב צפון דרום מרקז חיפה אשקלון בת ים','https://www.facebook.com/groups/562396750911812/',NULL,NULL,8,NULL),(2631,'Работа в Израиле ?? на русском языке','https://www.facebook.com/groups/rabotaizrail/',NULL,NULL,8,NULL),(2632,'Работа ДЛЯ ВСЕХ в Израиле','https://www.facebook.com/groups/728904327292384/',NULL,NULL,8,NULL),(2633,'Работа в Израиле. jobs israel','https://www.facebook.com/groups/615014685562966/',NULL,NULL,8,NULL),(2634,'Работа для репатриантов, туристов и всех кто в Израиле','https://www.facebook.com/groups/3005804363038049/',NULL,NULL,8,NULL),(2636,'Работа в Израиле | עבודה ישראל','https://www.facebook.com/groups/453640999457870/',NULL,NULL,8,NULL),(2637,'Работа в Израиле - подбор по Вашему запросу','https://www.facebook.com/groups/rabota972/',NULL,NULL,8,NULL),(2638,'Работа в Израиле - по всей стране','https://www.facebook.com/groups/1322257528167107/',NULL,NULL,8,NULL),(2639,'Метапелет на подмену - Работа в Израиле','https://www.facebook.com/groups/649127692287660/',NULL,NULL,8,NULL),(2640,'Работа и жизнь в Израиле','https://www.facebook.com/groups/244876002941628/',NULL,NULL,8,NULL),(2641,'Работа в Израиле. Центр страны','https://www.facebook.com/groups/2488535437906509/',NULL,NULL,8,NULL),(2642,'Работа в Израиле \"ДОВ\"','https://www.facebook.com/groups/2143144669033993/',NULL,NULL,8,NULL),(2644,'Работа в Израиле','https://www.facebook.com/groups/554086592778459/',NULL,NULL,8,NULL),(2645,'Работа в Израиле','https://www.facebook.com/groups/314137680170401/',NULL,NULL,8,NULL),(2646,'Работа в Израиле','https://www.facebook.com/groups/128570724535835/',NULL,NULL,8,NULL),(2647,'работа в израиле','https://www.facebook.com/groups/322099332371234/',NULL,NULL,8,NULL),(2648,'Работа в Израиле','https://www.facebook.com/groups/236630283688911/',NULL,NULL,8,NULL),(2649,'Работа в Израиле','https://www.facebook.com/groups/739395893084134/',NULL,NULL,8,NULL),(2650,'Работа в ИЗРАИЛЕ','https://www.facebook.com/groups/1845691862298690/',NULL,NULL,8,NULL),(2651,'РАБОТА В ИЗРАИЛЕ','https://www.facebook.com/groups/616779825354764/',NULL,NULL,8,NULL),(2652,'Работа в Израиле','https://www.facebook.com/groups/399210939021803/',NULL,NULL,8,NULL),(2653,'Работа в Израиле','https://www.facebook.com/groups/717457939546725/',NULL,NULL,8,NULL),(2654,'Работа в Израиле','https://www.facebook.com/groups/5033568206724521/',NULL,NULL,8,NULL),(2655,'Работа в Израиле','https://www.facebook.com/groups/1106244930212449/',NULL,NULL,8,NULL),(2656,'Работа в Израиле','https://www.facebook.com/groups/1808062556242048/',NULL,NULL,8,NULL),(2657,'работа в Израиле','https://www.facebook.com/groups/208358494027562/',NULL,NULL,8,NULL),(2658,'Работа в Израиле','https://www.facebook.com/groups/464766527330247/',NULL,NULL,8,NULL),(2659,'Работа в Израиле(Work in Israel)','https://www.facebook.com/groups/714855899928715/',NULL,NULL,8,NULL),(2660,'Работа в Израиле','https://www.facebook.com/groups/522205121480891/',NULL,NULL,8,NULL),(2661,'Работа Север Израиля','https://www.facebook.com/groups/412671520896416/',NULL,NULL,8,NULL),(2662,'Работа в Израиле/требуется','https://www.facebook.com/groups/829401185136313/',NULL,NULL,8,NULL),(2663,'Легальная Работа В Израиле','https://www.facebook.com/groups/212934165763810/',NULL,NULL,8,NULL),(2664,'Работа в Израиле, Канаде, Европе.','https://www.facebook.com/groups/1087523821339230/',NULL,NULL,8,NULL),(2665,'Бесплатная помощь в израиле при поиске работы в израиле . Work In Israel','https://www.facebook.com/groups/953938894946087/',NULL,NULL,8,NULL),(2667,'Работа в Израиле ~ Work in Israel','https://www.facebook.com/groups/527198868802267/',NULL,NULL,8,NULL),(2668,'?? Work in Israel - Работа в Израиле','https://www.facebook.com/groups/2786078941644826/',NULL,NULL,8,NULL),(2670,'РАБОТА ДЛЯ РЕПАТРИАНТОВ В ИЗРАИЛЕ','https://www.facebook.com/groups/257240683166386/',NULL,NULL,8,NULL),(2671,'Israel Work | Работа в Израиле','https://www.facebook.com/groups/reserve.work/',NULL,NULL,8,NULL),(2672,'Работа в Израиле','https://www.facebook.com/groups/rabotaisrail/',NULL,NULL,8,NULL),(2673,'Достойная работа в Израиле','https://www.facebook.com/groups/607289513796872/',NULL,NULL,8,NULL),(2674,'Работа в Израиле | עבודה לדוברי רוסית','https://www.facebook.com/groups/1820639568169436/',NULL,NULL,8,NULL),(2675,'Работа в Израиле для всех ??','https://www.facebook.com/groups/711007436111152/',NULL,NULL,8,NULL),(2676,'Работа в Израиле-Беженцы-Туризм.','https://www.facebook.com/groups/578983829872752/',NULL,NULL,8,NULL),(2677,'Работа в Израиле метаплим/от','https://www.facebook.com/groups/895555440928378/',NULL,NULL,8,NULL),(2678,'Мастера маникюра в Израиле ( работа в лучшем салоне)','https://www.facebook.com/groups/928714781215617/',NULL,NULL,8,NULL),(2679,'Работа в Израиле в центре страны','https://www.facebook.com/groups/494631347719875/',NULL,NULL,8,NULL),(2680,'Работа в Израиле','https://www.facebook.com/groups/1760609664236076/',NULL,NULL,8,NULL),(2681,'Работа водителем в Израиле','https://www.facebook.com/groups/2141798356000968/',NULL,NULL,8,NULL),(2682,'Работа в Израиле.','https://www.facebook.com/groups/1003756326896349/',NULL,NULL,8,NULL),(2683,'Работа в Израиле','https://www.facebook.com/groups/146970939324595/',NULL,NULL,8,NULL),(2684,'Работа в Израиле','https://www.facebook.com/groups/1718584458166816/',NULL,NULL,8,NULL),(2685,'Работа в Израиле','https://www.facebook.com/groups/730036137538953/',NULL,NULL,8,NULL),(2686,'Работа в Израиле','https://www.facebook.com/groups/339194137638419/',NULL,NULL,8,NULL),(2687,'Работа в Израиле','https://www.facebook.com/groups/462015252473809/',NULL,NULL,8,NULL),(2688,'Работа в Израиле','https://www.facebook.com/groups/352989905580474/',NULL,NULL,8,NULL),(2689,'Работа в Израиле??','https://www.facebook.com/groups/791193738600744/',NULL,NULL,8,NULL),(2690,'Работа в Израиле','https://www.facebook.com/groups/403483193628724/',NULL,NULL,8,NULL),(2691,'работа в Израиле','https://www.facebook.com/groups/267726127119843/',NULL,NULL,8,NULL),(2692,'РАБОТА В ИЗРАИЛЕ!!!','https://www.facebook.com/groups/300885643813408/',NULL,NULL,8,NULL),(2693,'Работа в Израиле','https://www.facebook.com/groups/249062536065085/',NULL,NULL,8,NULL),(2694,'работа в Израиле','https://www.facebook.com/groups/2225686384360755/',NULL,NULL,8,NULL),(2695,'ВАКАНСИИ  ИЗРАИЛЬ','https://www.facebook.com/groups/1906162179520194/',NULL,NULL,8,NULL),(2696,'Работа, образование и курсы в Израиле','https://www.facebook.com/groups/work.education.courses/',NULL,NULL,8,NULL),(2697,'Work in Israel, Работа в Израиле','https://www.facebook.com/groups/486761550252427/',NULL,NULL,8,NULL),(2698,'Работа в Израиле для беженцев из УКРАИНЫ','https://www.facebook.com/groups/415108600667251/',NULL,NULL,8,NULL),(2699,'Работа в Израиле','https://www.facebook.com/groups/2006376752926074/',NULL,NULL,8,NULL),(2700,'Работа в Израиле для тех кому за ...','https://www.facebook.com/groups/job50/',NULL,NULL,8,NULL),(2701,'Работа в Израиле','https://www.facebook.com/groups/164390650888274/',NULL,NULL,8,NULL),(2702,'Acreus работа в Израиле','https://www.facebook.com/groups/900084873905012/',NULL,NULL,8,NULL),(2703,'Работа в Израиле / Work Israel','https://www.facebook.com/groups/518514535997225/',NULL,NULL,8,NULL),(2704,'Работа в Израиле','https://www.facebook.com/groups/3183897588555191/',NULL,NULL,8,NULL),(2705,'работа в израиле','https://www.facebook.com/groups/365588411797880/',NULL,NULL,8,NULL),(2706,'Работа в Израиле!!!','https://www.facebook.com/groups/2089198271312019/',NULL,NULL,8,NULL),(2707,'Работа в Израиле??','https://www.facebook.com/groups/2554189631278771/',NULL,NULL,8,NULL),(2708,'Работа в Израиле','https://www.facebook.com/groups/2085584148401206/',NULL,NULL,8,NULL),(2709,'Работа в Израиле','https://www.facebook.com/groups/1440641666013295/',NULL,NULL,8,NULL),(2710,'Работа в Израиле','https://www.facebook.com/groups/765858144363808/',NULL,NULL,8,NULL),(2711,'Работа в Израиле','https://www.facebook.com/groups/608715693112355/',NULL,NULL,8,NULL),(2712,'Работа в Израиле','https://www.facebook.com/groups/851990505193306/',NULL,NULL,8,NULL),(2713,'Работа в Израиле','https://www.facebook.com/groups/192474798113973/',NULL,NULL,8,NULL),(2715,'RabotaVIsrael-Работа в Израиле-Робота в Ізраїлі','https://www.facebook.com/groups/436991989978356/',NULL,NULL,8,NULL),(2717,'Работа в Израиле подработка и услуги עבודה בישראל','https://www.facebook.com/groups/761946405212370/',NULL,NULL,8,NULL),(2718,'Работа для синих бумаг и виза Б1 в Израиле','https://www.facebook.com/groups/229153185057775/',NULL,NULL,8,NULL),(2719,'Работа в Израиле/עבודה בכל הארץ ובכל התחומים','https://www.facebook.com/groups/898923620187722/',NULL,NULL,8,NULL),(2720,'Требуются работники в Израиле | Русскоговорящие в Израиле | Работа в Израил','https://www.facebook.com/groups/238239222934610/',NULL,NULL,8,NULL),(2721,'Эмигранты в Израиле. Работа, новости.','https://www.facebook.com/groups/1299999957041134/',NULL,NULL,8,NULL),(2722,'Работа в Израиле | Много вакансий','https://www.facebook.com/groups/rabota.v.israele/',NULL,NULL,8,NULL),(2723,'Ищу работу в Израиле','https://www.facebook.com/groups/486252352834314/',NULL,NULL,8,NULL),(2724,'работа в Израиле','https://www.facebook.com/groups/2225686384360755/',NULL,NULL,8,NULL),(2725,'Работа В Израиле - J4R','https://www.facebook.com/groups/281114070344392/',NULL,NULL,8,NULL),(2726,'Работа в израиле','https://www.facebook.com/groups/287123518658593/',NULL,NULL,8,NULL),(2727,'Работа в Израиле','https://www.facebook.com/groups/866844893711769/',NULL,NULL,8,NULL),(2729,'Работаем в Израиле!','https://www.facebook.com/groups/1274597352880777/',NULL,NULL,9,NULL),(2730,'работа вакансии Хайфа /הצעות עבודה בחיפה/job offers in Haifa','https://www.facebook.com/groups/237534489956047/',NULL,NULL,9,NULL),(2731,'ИЗРАИЛЬ ВАКАНСИИ \"24/7\" У НАС НАЙДЁТСЯ ВСЁ !!!','https://www.facebook.com/groups/ISRA.JOB/',NULL,NULL,9,NULL),(2732,'Москва- Израиль доска объявлений!Бизнес, реклама,работа!מוסקבה, מטיילים.','https://www.facebook.com/groups/1595269410512764/',NULL,NULL,9,NULL),(2733,'Pабота в Израиле - МИР info','https://www.facebook.com/groups/286607255565961/',NULL,NULL,9,NULL),(2734,'Работа для граждан Израиля','https://www.facebook.com/groups/535163804607063/',NULL,NULL,9,NULL),(2735,'Работа для Туристов Израиль','https://www.facebook.com/groups/1145444495478871/',NULL,NULL,9,NULL),(2736,'Работа Израиль','https://www.facebook.com/groups/776179532543020/',NULL,NULL,9,NULL),(2737,'Поиск работы в Израиле','https://www.facebook.com/groups/1167152603380452/',NULL,NULL,9,NULL),(2738,'Работа на юге Израиля','https://www.facebook.com/groups/654214319768717/',NULL,NULL,9,NULL),(2741,'Честные работодатели. Работа в Израиле','https://www.facebook.com/groups/867709913599282/',NULL,NULL,9,NULL),(2744,'Работа Израиль','https://www.facebook.com/groups/370549526675515/',NULL,NULL,9,NULL),(2746,'BAZAR Доска объявлений Израиль','https://www.facebook.com/groups/bazarisrael/',NULL,NULL,9,NULL),(2747,'Работа  в Неаполе','https://www.facebook.com/groups/rabota.napoli/',NULL,NULL,9,NULL),(2748,'Work in Israel\\ Работа в Израиле','https://www.facebook.com/groups/jobsisraely/',NULL,NULL,9,NULL),(2749,'★Mira Miru★  (Ручная работа/Израиль)','https://www.facebook.com/groups/454309541852113/',NULL,NULL,9,NULL),(2751,'Метапелет в Израиле 24/7','https://www.facebook.com/groups/241134143725498/',NULL,NULL,9,NULL),(2752,'Работа в Ашкелоне / Кирьят Гате / Сдероте / Ашдоде и округе','https://www.facebook.com/groups/1482489435379231/',NULL,NULL,9,NULL),(2753,'Бейбиситеры в Израиле','https://www.facebook.com/groups/215957765123237/',NULL,NULL,9,NULL),(2754,'Трудоустройство и работа в Израиле','https://www.facebook.com/groups/1665463456803267/',NULL,NULL,9,NULL),(2757,'Хорошая работа в Израиле!','https://www.facebook.com/groups/489683265059385/',NULL,NULL,9,NULL),(2758,'Метапелет ???????? Социальный работник НИКАЕН РАБОТА Израиль','https://www.facebook.com/groups/260064567753158/',NULL,NULL,9,NULL),(2759,'Jobs for tourists in Israel /  Работа для туристов и беженцев в Израиле/','https://www.facebook.com/groups/jobtouristinisrael/',NULL,NULL,9,NULL),(2763,'Бесплатные объявления, доска объявлений','https://www.facebook.com/groups/ideidlyabiznesa/',NULL,NULL,11,NULL),(2764,'ИЗРАИЛЬ Доска Бесплатных Объявлений','https://www.facebook.com/groups/453454681681701/',NULL,NULL,11,NULL),(2765,'Доска объявлений ! Куплю, продам,обменяю,отдам ! Реклама платная ! Израиль.','https://www.facebook.com/groups/1286953341380683/',NULL,NULL,11,NULL),(2766,'לוח מודעות של ישראל','https://www.facebook.com/groups/578705085568625/',NULL,NULL,19,NULL),(2767,'לוח מודעות לוס אנגלס - שבוע ישראלי','https://www.facebook.com/groups/138698936485940/',NULL,NULL,19,NULL),(2768,'ВЕЩИ \\ דברים -Объявления. Израиль. לוח מודעות . ישראל','https://www.facebook.com/groups/1872604299731177/',NULL,NULL,19,NULL),(2769,'לוח מודעות','https://www.facebook.com/groups/166194010104711/',NULL,NULL,19,NULL),(2770,'ישראלים חוזרים לישראל','https://www.facebook.com/groups/245786492654342/',NULL,NULL,19,NULL),(2771,'לוח מודעות קהילתי - לוס אנג\'לס','https://www.facebook.com/groups/883168628405144/',NULL,NULL,19,NULL),(2772,'Объявления. Израиль  \\  לוח מודעות  ישראל','https://www.facebook.com/groups/390004331399960/',NULL,NULL,19,NULL),(2773,'לוח מודעות ישראלי','https://www.facebook.com/groups/751525762562856/',NULL,NULL,19,NULL),(2774,'לוח מודעות תל אביב, ראשון לציון, חולון, בת ים. פרסום חינם','https://www.facebook.com/groups/2048847715419620/',NULL,NULL,19,NULL),(2775,'פירסום חינם / לוח מודעות / פרסום עסקים','https://www.facebook.com/groups/612448812230647/',NULL,NULL,19,NULL),(2776,'לוח מודעות פרסום חינם','https://www.facebook.com/groups/Freeadvertisingbillboard/',NULL,NULL,19,NULL),(2777,'לוח מודעות חופשי - גדרה','https://www.facebook.com/groups/gedera/',NULL,NULL,19,NULL),(2778,'ДОСКА ОБЪЯВЛЕНИЙ לוח מודעות\nИЗРАИЛЬ ישראל','https://www.facebook.com/groups/732316373641849/',NULL,NULL,19,NULL),(2779,'לוח מודעות ראש העין והסביבה חופשי !!!','https://www.facebook.com/groups/444553635710575/',NULL,NULL,19,NULL),(2780,'לוח מודעות להפגנות , מחאות, צעדות, ועצומות .','https://www.facebook.com/groups/102142873211717/',NULL,NULL,19,NULL),(2781,'ישראלים בלוס אנגלס -לוח מודעות ואירועים  -הקבוצה הרשמית Israelis In la','https://www.facebook.com/groups/1514612552137495/',NULL,NULL,19,NULL),(2782,'לוח מודעות כפר-סבא>הוד-השרון>רעננה','https://www.facebook.com/groups/1674017096148118/',NULL,NULL,19,NULL),(2783,'לוח מודעות - תושבי תל מונד','https://www.facebook.com/groups/lucha.modaot/',NULL,NULL,19,NULL),(2784,'לוח מודעות - בת ים חולון ראשל\"צ  ♡','https://www.facebook.com/groups/212410999128080/',NULL,NULL,19,NULL),(2785,'לוח מודעות טבעון רמת ישי יוקנעם והסביבה.','https://www.facebook.com/groups/353742521365995/',NULL,NULL,19,NULL),(2786,'לוח מודעות אזורי שוהם ברקת טירת יהודה בית נחמיה אלעד נחשונים ראש העין עינת','https://www.facebook.com/groups/496397610770438/',NULL,NULL,19,NULL),(2787,'לוח מודעות צפת','https://www.facebook.com/groups/tzfatmodaot/',NULL,NULL,19,NULL),(2788,'НЕДВИЖИМОСТЬ \\ נדל\"ן -Объявления. Израиль. לוח מודעות . ישראל','https://www.facebook.com/groups/1720174824925552/',NULL,NULL,19,NULL),(2789,'פרסום קבוצות , ווצאפ , טלגרם , פייסבוק , גוגל+ , ערוצי טלרגם , דפי פייסבוק','https://www.facebook.com/groups/1955348444704694/',NULL,NULL,19,NULL),(2790,'לוח מודעות אורנית','https://www.facebook.com/groups/147672768696060/',NULL,NULL,19,NULL),(2791,'לוח מודעות אם המושבות פ\"ת','https://www.facebook.com/groups/emhamoshvot/',NULL,NULL,19,NULL),(2792,'לוח דרושים פרסום עבודות בישראל ??','https://www.facebook.com/groups/PirsumGroup/',NULL,NULL,19,NULL),(2793,'לוח מודעות חופשי - יבנה הירוקה','https://www.facebook.com/groups/yavnegroup/',NULL,NULL,19,NULL),(2794,'קבוצת חובבי היסטוריה','https://www.facebook.com/groups/156537438017232/',NULL,NULL,19,NULL),(2795,'הנדל״ן ועסקים הגדול של ישראל והעולם','https://www.facebook.com/groups/228068255699774/',NULL,NULL,19,NULL),(2796,'לוח פרסום בפתח תקווה','https://www.facebook.com/groups/215528615294338/',NULL,NULL,19,NULL),(2797,'לוח מודעות - שערי תקווה','https://www.facebook.com/groups/shaari.tikva/',NULL,NULL,19,NULL),(2798,'ישראל','https://www.facebook.com/groups/122996561391213/',NULL,NULL,19,NULL),(2799,'לוח מודעות אלעד','https://www.facebook.com/groups/541762612583803/',NULL,NULL,19,NULL),(2800,'לוח פרסום חינם גליל עליון עמק החולה רמת הגולן.','https://www.facebook.com/groups/1446487525659236/',NULL,NULL,19,NULL),(2801,'ישראלים לומדים קבלה','https://www.facebook.com/groups/765087994616536/',NULL,NULL,19,NULL),(2802,'לוח מודעות בשכונה שלנו - ביצרון, רמת ישראל, נחלת יצחק, תל חיים','https://www.facebook.com/groups/1832505057021775/',NULL,NULL,19,NULL),(2803,'ראש העין והסביבה - פרסום חופשי לעסקים - פרגון והמלצות לבעלי עסקים','https://www.facebook.com/groups/718219095406215/',NULL,NULL,19,NULL),(2804,'קבוצת המכירות של ימי בנימינה - וינטג׳ אספנות עתיקות ?','https://www.facebook.com/groups/yemei.binyamina/',NULL,NULL,19,NULL),(2805,'ההורים - קבוצה למי שגרים רחוק מהוריהם','https://www.facebook.com/groups/300509851284670/',NULL,NULL,19,NULL),(2806,'לוח מודעות מבשרת ציון מושב כסלון,רמת רזיאל,גבעת יערים','https://www.facebook.com/groups/460664901146603/',NULL,NULL,19,NULL),(2807,'שאמניזם בישראל','https://www.facebook.com/groups/40381454740/',NULL,NULL,19,NULL),(2808,'הישראלים היפים ?? הקבוצה הרישמית','https://www.facebook.com/groups/beautifulIsraelis/',NULL,NULL,19,NULL),(2809,'מכירת אמנות ישראלית  - Israeli art for sale','https://www.facebook.com/groups/118588008490901/',NULL,NULL,19,NULL),(2810,'לוח עסקים - רחובות !','https://www.facebook.com/groups/839147156267947/',NULL,NULL,19,NULL),(2811,'אלמנט - לוח המכירות הגדול !','https://www.facebook.com/groups/elementyad2/',NULL,NULL,19,NULL),(2812,'פתח תקוה - תושבים מדברים','https://www.facebook.com/groups/302727299759615/',NULL,NULL,19,NULL),(2813,'דירות למכירה להשכרה _ ?? ❤️ Israel ❤️ ?? _ לוח מודעות ישראלי','https://www.facebook.com/groups/lemkira/',NULL,NULL,19,NULL),(2814,'למכירה/להשכרה-לוח מודעות נדל\"ן בישראל','https://www.facebook.com/groups/550742523056138/',NULL,NULL,19,NULL),(2815,'מהפך ישראלי','https://www.facebook.com/groups/200418634016002/',NULL,NULL,19,NULL),(2816,'לוח מודעות של ישראל בצרפתית - Petites Annonces Israël','https://www.facebook.com/groups/Petites.Annonces.IL/',NULL,NULL,19,NULL),(2817,'מודעות בפשטות- מיינדפולנס בחיי היומיום','https://www.facebook.com/groups/297704434472917/',NULL,NULL,19,NULL),(2818,'החיבור הישראלי בדאונטאון טורונטו','https://www.facebook.com/groups/downtownisraelis/',NULL,NULL,19,NULL),(2819,'לוח מודעות מתחם B.S.R בני ברק','https://www.facebook.com/groups/noticeb.s.r/',NULL,NULL,19,NULL),(2820,'לוח מודעות אשקלון','https://www.facebook.com/groups/424138647781928/',NULL,NULL,19,NULL),(2821,'טנטרה יוגה בישראל','https://www.facebook.com/groups/125663971333/',NULL,NULL,19,NULL),(2822,'Israel Amsterdam NL ישראלים בהולנד ואמסטרדם','https://www.facebook.com/groups/334157127624191/',NULL,NULL,19,NULL),(2823,'קריית האומנים רמלה לוח מודעות','https://www.facebook.com/groups/BulletinBoardKiryatHaomanimRamla/',NULL,NULL,19,NULL),(2824,'ברלין למטייל הישראלי - Berlin for the Israeli traveler','https://www.facebook.com/groups/HufshaBeahava.Berlin/',NULL,NULL,19,NULL),(2825,'ישראל פרסום עסקים מכל התחומים','https://www.facebook.com/groups/689312178814712/',NULL,NULL,19,NULL),(2826,'הקבוצה להסדרת תרומות הזרע בישראל ?‍⚖?‍⚖','https://www.facebook.com/groups/301175203653230/',NULL,NULL,19,NULL),(2827,'קהילת Byd ישראל','https://www.facebook.com/groups/633550528375178/',NULL,NULL,19,NULL),(2828,'התחזית ישראל - מנהלת מזג האוויר','https://www.facebook.com/groups/383152748433581/',NULL,NULL,19,NULL),(2829,'טיפים ממטיילים למטיילים בארה\"ב','https://www.facebook.com/groups/334314850381745/',NULL,NULL,19,NULL),(2830,'חדשות ישראל','https://www.facebook.com/groups/731232573736660/',NULL,NULL,19,NULL),(2831,'חדשות השרון והסביבה - לכל פרסום חופשי','https://www.facebook.com/groups/542046176752209/',NULL,NULL,19,NULL),(2832,'פורום התושבים של ראשון לציון','https://www.facebook.com/groups/832109660500543/',NULL,NULL,19,NULL),(2833,'וויזאייר - לואו קוסט - הקבוצה הרשמית','https://www.facebook.com/groups/1037491686424136/',NULL,NULL,19,NULL),(2834,'קומי ישראל — התנועה להגנת הדמוקרטיה','https://www.facebook.com/groups/kumiiisrael/',NULL,NULL,19,NULL),(2835,'ההיסטוריה של ארץ ישראל','https://www.facebook.com/groups/israelihistory/',NULL,NULL,19,NULL),(2836,'תכשיטים מיוצרים בישראל','https://www.facebook.com/groups/oritwolf/',NULL,NULL,19,NULL),(2837,'ישראלים בבולגריה Israelis in Bulgaria','https://www.facebook.com/groups/1617626858564794/',NULL,NULL,19,NULL),(2838,'בודפשט טיפים למטייל - הקבוצה המקורית','https://www.facebook.com/groups/498383533993272/',NULL,NULL,19,NULL),(2839,'איסלנד למטיילים עצמאיים','https://www.facebook.com/groups/icelandil/',NULL,NULL,19,NULL),(2840,'Yoga Israel - יוגה ישראל','https://www.facebook.com/groups/Yoga.Israel/',NULL,NULL,19,NULL),(2841,'כל כתם - קהילת הניקיון של ישראל.','https://www.facebook.com/groups/kol.ketem/',NULL,NULL,19,NULL),(2842,'עוברים ת\'גבול - החיים בחו\"ל זה לא דיוטי פרי I פודקאסט (רילוקיישן)','https://www.facebook.com/groups/644326330148048/',NULL,NULL,19,NULL),(2843,'איסלנד למטייל','https://www.facebook.com/groups/expiceland/',NULL,NULL,19,NULL),(2844,'SHEIN ישראל','https://www.facebook.com/groups/704703166565618/',NULL,NULL,19,NULL),(2845,'מנהלות רווחה ומנהלות משאבי אנוש','https://www.facebook.com/groups/332181770256462/',NULL,NULL,19,NULL),(2846,'רילוקיישן קופנגן תאילנד','https://www.facebook.com/groups/1413791165631891/',NULL,NULL,19,NULL),(2847,'פורום תושבי נהריה','https://www.facebook.com/groups/888838424659610/',NULL,NULL,19,NULL),(2848,'איטליה','https://www.facebook.com/groups/italy.travel.secrets/',NULL,NULL,19,NULL),(2849,'מרקט כלי עבודה','https://www.facebook.com/groups/762003403906076/',NULL,NULL,19,NULL),(2850,'רעבים בארה\"ב','https://www.facebook.com/groups/1645925542147876/',NULL,NULL,19,NULL),(2851,'גם אני תומך בזכויות פגועי נפש','https://www.facebook.com/groups/107707539249170/',NULL,NULL,19,NULL),(2852,'הוראה מתקנת- מכון אותיות- ייעוץ עסקי ומקצועי','https://www.facebook.com/groups/175620489852726/',NULL,NULL,19,NULL),(2853,'דובאי & אבו דאבי למטיילים','https://www.facebook.com/groups/339587317079926/',NULL,NULL,19,NULL),(2854,'שכונת ביצרון ורמת ישראל','https://www.facebook.com/groups/bitzaron/',NULL,NULL,19,NULL),(2855,'וינה למטיילים - מידע, המלצות וטיפים מישראלים שחיים בוינה','https://www.facebook.com/groups/viennainfo/',NULL,NULL,19,NULL),(2856,'תושבי להבים - קבוצה רישמית','https://www.facebook.com/groups/521150684994764/',NULL,NULL,19,NULL),(2857,'WhatsApp Israel ווצאפ ישראל - קישורי הזמנה לקבוצות וואטסאפ','https://www.facebook.com/groups/893334150737405/',NULL,NULL,19,NULL),(2858,'קריית אונו שלנו','https://www.facebook.com/groups/our.kiryat.ono/',NULL,NULL,19,NULL),(2859,'הכל על לונדון - הקבוצה ממנה מתחילים את הטיול בעיר שלא מחכה','https://www.facebook.com/groups/hakolal.london/',NULL,NULL,19,NULL),(2860,'תאילנד - קוסמוי','https://www.facebook.com/groups/1079704075462886/',NULL,NULL,19,NULL),(2861,'מכירת אמנות ישראלית  - Israeli art for sale','https://www.facebook.com/groups/118588008490901/',NULL,NULL,19,NULL),(2862,'ההורים - קבוצה למי שגרים רחוק מהוריהם','https://www.facebook.com/groups/300509851284670/',NULL,NULL,19,NULL),(2863,'נגרות מסורתית  וכלי עבודה ידניים בישראל ??','https://www.facebook.com/groups/1065255906936684/',NULL,NULL,19,NULL),(2864,'איטליה - כל ההמלצות והטיפים לחופשה המושלמת','https://www.facebook.com/groups/2082604361904575/',NULL,NULL,19,NULL),(2865,'הכדור הירוק - על חינוך לקיימות וחינוך בטבע','https://www.facebook.com/groups/323707319200463/',NULL,NULL,19,NULL),(2866,'מטבעות דיגיטליים ישראל - Crypto Currency Israel','https://www.facebook.com/groups/ilbtc/',NULL,NULL,19,NULL),(2867,'להיות הורה רלוונטי','https://www.facebook.com/groups/relevant.parenting/',NULL,NULL,19,NULL),(2868,'חדר מורים: מורות ומורים מדברים חינוך','https://www.facebook.com/groups/323329712898905/',NULL,NULL,19,NULL),(2869,'חדשנות טכנולוגית בחינוך','https://www.facebook.com/groups/TechInnovationCom/',NULL,NULL,19,NULL),(2870,'קהילת NFT ישראל','https://www.facebook.com/groups/israelnft/',NULL,NULL,19,NULL),(2871,'מציאות וקניות שיין ישראל-SHEIN ISRAEL','https://www.facebook.com/groups/849919989159491/',NULL,NULL,19,NULL),(2872,'פורום שיקום לאחר אירוע מוחי','https://www.facebook.com/groups/197668738991863/',NULL,NULL,19,NULL),(2873,'לונדון מחזות זמר והצגות תיאטרון','https://www.facebook.com/groups/1548226772124690/',NULL,NULL,19,NULL),(2874,'מורות משקיעות','https://www.facebook.com/groups/morot.mashkiot/',NULL,NULL,19,NULL),(2875,'דובאי למטיילים','https://www.facebook.com/groups/DubaiForTravelers/',NULL,NULL,19,NULL),(2876,'80 על 80 כל מסיבות הרטרו במקום אחד!','https://www.facebook.com/groups/423946208417376/',NULL,NULL,19,NULL),(2877,'מסרים, טיפים וכלים לחיים טובים','https://www.facebook.com/groups/564385616994989/',NULL,NULL,19,NULL),(2878,'סדנת קדרות/קרמיקה זכרון יעקב קרן אור כלים לחיים-סדנא זוגית משפחתית גיבוש','https://www.facebook.com/groups/873922720401202/',NULL,NULL,19,NULL),(2879,'פינלנד לפלנד - המדינות הנורדיות - סקנדינביה והמדינות הבלטיות - למטייל','https://www.facebook.com/groups/finland.lapland.helsinki.israel/',NULL,NULL,19,NULL),(2880,'איי סיישל - מידע וטיפים למטיילים','https://www.facebook.com/groups/382270707349209/',NULL,NULL,19,NULL),(2881,'כרמיאלים מדברים','https://www.facebook.com/groups/399124056863636/',NULL,NULL,19,NULL),(2882,'קהילת ג\'ילי ישראל geely israel','https://www.facebook.com/groups/geelyisrael/',NULL,NULL,19,NULL),(2883,'השדרה הדיגיטלית- בונים עסקים מנצחים | הבית לשיווק דיגיטלי נכון | עסקים','https://www.facebook.com/groups/555104686055659/',NULL,NULL,19,NULL),(2884,'התססה - פרוביוטיקה טבעית','https://www.facebook.com/groups/fermentit/',NULL,NULL,19,NULL),(2885,'כוח הרוח -לימודי קבלה, הילינג קבלי, מדיטציה קבלית, עב שמות, ספר הזוהר, ריפו','https://www.facebook.com/groups/596489673870868/',NULL,NULL,19,NULL),(2886,'פורום ראשון לציון בדרך חדשה','https://www.facebook.com/groups/379248325888120/',NULL,NULL,19,NULL),(2887,'קהילת המשקיעים הפאסיביים של ישראל','https://www.facebook.com/groups/israel.passive.investors/',NULL,NULL,19,NULL),(2888,'גיאורגיה לישראלים Georgia For Israelis','https://www.facebook.com/groups/603634039971383/',NULL,NULL,19,NULL),(2889,'ליקוט במודיעין והסביבה','https://www.facebook.com/groups/712094242988013/',NULL,NULL,19,NULL),(2890,'מדברים אור יהודה','https://www.facebook.com/groups/308217402691521/',NULL,NULL,19,NULL),(2891,'אגודת חובבי הפרפרים בישראל','https://www.facebook.com/groups/Israel.Lepidoptera/',NULL,NULL,19,NULL),(2892,'קהילת הקוראים של סטימצקי','https://www.facebook.com/groups/660434804387449/',NULL,NULL,19,NULL),(2893,'בישון פריזה בישראל- Bichon Frise in Israel','https://www.facebook.com/groups/651651253104489/',NULL,NULL,19,NULL),(2894,'הורות מחדש - שושי שילון מנתחת התנהגות ABA','https://www.facebook.com/groups/834997381203883/',NULL,NULL,19,NULL),(2895,'בורזוי בישראל Borzoi in Israel','https://www.facebook.com/groups/1575053626128843/',NULL,NULL,19,NULL),(2896,'We share Israel ?? מתווכים משתפים פעולה','https://www.facebook.com/groups/438607872904738/',NULL,NULL,19,NULL),(2897,'ברמנים של ישראל','https://www.facebook.com/groups/israelbartender/',NULL,NULL,19,NULL),(2898,'אפוקסי ישראל - epoxy israel','https://www.facebook.com/groups/473009747440669/',NULL,NULL,19,NULL),(2899,'קהילת אגודת מדריכי הטיולים בישראל','https://www.facebook.com/groups/agudatmadrichim/',NULL,NULL,19,NULL),(2900,'כן לציטוט - ציטוט ספרותי יומי','https://www.facebook.com/groups/244479976594502/',NULL,NULL,19,NULL),(2901,'קבוצת חובבי גמלי שלמה בישראל /Mantodea Group of Israel','https://www.facebook.com/groups/357757764739699/',NULL,NULL,19,NULL),(2902,'קרואטיה למטיילים - הקבוצה הרשמית ??','https://www.facebook.com/groups/265799527318755/',NULL,NULL,19,NULL),(2903,'פאזלים למכירה חדש ויד שניה','https://www.facebook.com/groups/3559981590730208/',NULL,NULL,19,NULL),(2904,'אקסס ישראל - ®Access Consciousness Israel','https://www.facebook.com/groups/310858612456198/',NULL,NULL,19,NULL),(2905,'אפוקסי ישראל - epoxy israel','https://www.facebook.com/groups/473009747440669/',NULL,NULL,19,NULL),(2906,'permaculture IL- פרמקלצ\'ר ישראל','https://www.facebook.com/groups/57656663340/',NULL,NULL,19,NULL),(2907,'קבוצת חובבי גמלי שלמה בישראל /Mantodea Group of Israel','https://www.facebook.com/groups/357757764739699/',NULL,NULL,19,NULL),(2908,'הכל אודות שיפון','https://www.facebook.com/groups/1325934334230736/',NULL,NULL,19,NULL),(2909,'הורות מחדש - שושי שילון מנתחת התנהגות ABA','https://www.facebook.com/groups/834997381203883/',NULL,NULL,19,NULL),(2910,'אקסס ישראל - ®Access Consciousness Israel','https://www.facebook.com/groups/310858612456198/',NULL,NULL,19,NULL),(2911,'ישראלים  באמריקה','https://www.facebook.com/groups/1415043375475323/',NULL,NULL,19,NULL),(2912,'עבודה ועסקים בפורטוגל','https://www.facebook.com/groups/workandbuisnessinportugal/',NULL,NULL,19,NULL),(2913,'אנגלית ללקויי למידה - שיטות לימוד וייעוץ','https://www.facebook.com/groups/168238696716650/',NULL,NULL,19,NULL),(2914,'פורום תושבים ברעננה','https://www.facebook.com/groups/raananim/',NULL,NULL,19,NULL),(2915,'פשפשוק - דיל','https://www.facebook.com/groups/684971004945350/',NULL,NULL,19,NULL),(2916,'ישראליות בקנדה','https://www.facebook.com/groups/israelimomincanada/',NULL,NULL,19,NULL),(2917,'חדשנות טכנולוגית בחינוך','https://www.facebook.com/groups/TechInnovationCom/',NULL,NULL,19,NULL),(2918,'מרקום - קהילת מנהלות ומנהלי תקשורת שיווקית   Marcom_IL','https://www.facebook.com/groups/marcomIL/',NULL,NULL,19,NULL),(2919,'ישראלים מטיילים ונופשים בדובאי','https://www.facebook.com/groups/804486646987764/',NULL,NULL,19,NULL),(2920,'המרכז לעסקים ברשת BuyCity קניון','https://www.facebook.com/groups/BuyCitySale/',NULL,NULL,19,NULL),(2921,'\"בידינו\" - חינוך בתחומי שינויי אקלים, קיימות וסביבה - מרכז המורים הארצי','https://www.facebook.com/groups/613078113271012/',NULL,NULL,19,NULL),(2922,'דוברי עברית בטורונטו','https://www.facebook.com/groups/867823069983277/',NULL,NULL,19,NULL),(2923,'החינוך הדני - הסודות לגידול ילדים מאושרים','https://www.facebook.com/groups/343384716282332/',NULL,NULL,19,NULL),(2924,'פורום יוצרות התיאטרון בישראל','https://www.facebook.com/groups/196109647686715/',NULL,NULL,19,NULL),(2925,'לגור בכפר סבא, הרצליה, רעננה, הוד השרון, רמת השרון','https://www.facebook.com/groups/164322023646047/',NULL,NULL,19,NULL),(2926,'ביטוח נסיעות לחו\"ל  - הכה את המומחה','https://www.facebook.com/groups/israeltravelinsurance/',NULL,NULL,19,NULL),(2927,'מנגו - mango מועדון יזום של אוהדים','https://www.facebook.com/groups/1404559456643892/',NULL,NULL,19,NULL),(2928,'בנייה מתקדמת - חדשות מהשטח','https://www.facebook.com/groups/Bniya.Mitkademet/',NULL,NULL,19,NULL),(2929,'הצלת מזון בכל תל אביב והסביבה כדי שלא יזרק.','https://www.facebook.com/groups/464914605064498/',NULL,NULL,19,NULL),(2930,'רעיונות מיוחדים לבר בת מצווה ? אטרקציות לבר בת מצווה ??','https://www.facebook.com/groups/560266995188704/',NULL,NULL,19,NULL),(2931,'שכונת נווה רבין - אור יהודה','https://www.facebook.com/groups/Rabinhood/',NULL,NULL,19,NULL),(2932,'פאזלים למכירה חדש ויד שניה','https://www.facebook.com/groups/3559981590730208/',NULL,NULL,19,NULL),(2933,'אלינור ביוטי - הקבוצה הרישמית','https://www.facebook.com/groups/elinorbeauty1/',NULL,NULL,19,NULL),(2934,'האפשטנים - מיתוג, קידום, ניהול, שיווק ובניית אסטרטגיה לעסקים','https://www.facebook.com/groups/diklaep.co.il/',NULL,NULL,19,NULL),(2935,'מועדון ה-5 בבוקר ישראל The 5AM Club Israel','https://www.facebook.com/groups/the5amclubisrael/',NULL,NULL,19,NULL),(2936,'פורום אינסטלציה','https://www.facebook.com/groups/436982436472217/',NULL,NULL,19,NULL),(2937,'?? Rolex Israel - רולקס ישראל','https://www.facebook.com/groups/492415505802833/',NULL,NULL,19,NULL),(2938,'IsraelClouds - קהילת מחשוב ענן בישראל','https://www.facebook.com/groups/israelclouds/',NULL,NULL,19,NULL),(2939,'פורום שכונות שיפר ונוה דקלים בפתח תקווה','https://www.facebook.com/groups/194881640695010/',NULL,NULL,19,NULL),(2940,'עגלת קפה - קהילת CoffeeTrail','https://www.facebook.com/groups/coffeetrail.co.il/',NULL,NULL,19,NULL),(2941,'צפון יוון עם זמיר סיון','https://www.facebook.com/groups/northerngreece/',NULL,NULL,19,NULL),(2942,'מל\"מ - מתמודדים למען מתמודדים (קבוצה פתוחה)','https://www.facebook.com/groups/175150585052/',NULL,NULL,19,NULL),(2943,'כיף בכיכר - נאות הכיכר & עין תמר','https://www.facebook.com/groups/227603783945239/',NULL,NULL,19,NULL),(2944,'מאמאנט | ראש העין','https://www.facebook.com/groups/335390899833001/',NULL,NULL,19,NULL),(2945,'אוהבי  חתולים','https://www.facebook.com/groups/22692418093/',NULL,NULL,19,NULL),(2946,'Rhythmic gymnastics -Художественная гимнастика в Израиле התעמלות אומנותית','https://www.facebook.com/groups/253101644799426/',NULL,NULL,19,NULL),(2947,'משתלת הפינה הירוקה מסילת ישרים 63 שכונת שפירא תל אביב','https://www.facebook.com/groups/129395702339044/',NULL,NULL,19,NULL),(2948,'אגם בלטון • הונגריה','https://www.facebook.com/groups/lake.balaton.hungary/',NULL,NULL,19,NULL),(2949,'בקעת הירדן - קהילת נשות עסקים','https://www.facebook.com/groups/392090260806756/',NULL,NULL,19,NULL),(2950,'חשמבא | חברים שבאמת מטיילים בארץ???','https://www.facebook.com/groups/221610213468649/',NULL,NULL,19,NULL),(2951,'קהילת המפתחות הגנטיים - ישראל','https://www.facebook.com/groups/346163712899086/',NULL,NULL,19,NULL),(2952,'אלבניה - כל מה שרציתם לדעת','https://www.facebook.com/groups/208741416833292/',NULL,NULL,19,NULL),(2953,'וועד  שכונת רמת השקמה','https://www.facebook.com/groups/639628166075452/',NULL,NULL,19,NULL),(2954,'עדכונים והסברה קריית שמונה','https://www.facebook.com/groups/348112299471981/',NULL,NULL,19,NULL),(2955,'סלובקיה - טיפים ומידע מקצועי ממדריכים','https://www.facebook.com/groups/112713009567696/',NULL,NULL,19,NULL),(2956,'קבוצה של אוהבי כלבי הרים שוויצרים','https://www.facebook.com/groups/343629385741630/',NULL,NULL,19,NULL),(2957,'קהילת חוות בארי','https://www.facebook.com/groups/beericommunity/',NULL,NULL,19,NULL),(2958,'פורום ניתוח החלפת ירך או ברך','https://www.facebook.com/groups/1409928412812511/',NULL,NULL,19,NULL),(2959,'יוטיוב ישראל - קהילת היוטיוב הישראלי','https://www.facebook.com/groups/1406526292936226/',NULL,NULL,19,NULL),(2960,'אמזון פריים וידאו ישראל - Amazon Prime Video Israel','https://www.facebook.com/groups/2153489454951827/',NULL,NULL,19,NULL),(2961,'מיסים ועסקים- מס הכנסה, מיסוי מקרקעין, מע\"מ','https://www.facebook.com/groups/1449645895295725/',NULL,NULL,19,NULL),(2962,'ישראלים בבולגריה Israelis in Bulgaria','https://www.facebook.com/groups/1617626858564794/',NULL,NULL,19,NULL),(2963,'מיאמי ישראל ( הקבוצה הרשמית ) MIA-TLV','https://www.facebook.com/groups/899034460263855/',NULL,NULL,19,NULL),(2964,'איטליה','https://www.facebook.com/groups/italy.travel.secrets/',NULL,NULL,19,NULL),(2965,'הבית לנשות העסקים בשרון','https://www.facebook.com/groups/357154108092500/',NULL,NULL,19,NULL),(2966,'מרקט כלי עבודה','https://www.facebook.com/groups/762003403906076/',NULL,NULL,19,NULL),(2967,'תיירות רמת הנגב','https://www.facebook.com/groups/379994722059575/',NULL,NULL,19,NULL),(2968,'לונדון טיפים למטיילים בלונדון - Tips for London Travelers','https://www.facebook.com/groups/Tips4London/',NULL,NULL,19,NULL),(2969,'וינה למטיילים - מידע, המלצות וטיפים מישראלים שחיים בוינה','https://www.facebook.com/groups/viennainfo/',NULL,NULL,19,NULL),(2970,'דובאי למטיילים','https://www.facebook.com/groups/DubaiForTravelers/',NULL,NULL,19,NULL),(2971,'מתייעצים לפני שמשפצים - שירותי שיפוץ וייעוץ אישי','https://www.facebook.com/groups/sogrimdira/',NULL,NULL,19,NULL),(2972,'קריית אונו בוחרת - 2023','https://www.facebook.com/groups/271854416330523/',NULL,NULL,19,NULL),(2973,'מדיטציות אושו | Osho Meditations','https://www.facebook.com/groups/oshoil/',NULL,NULL,19,NULL),(2974,'יפן לישראלים - Japan For Israeli','https://www.facebook.com/groups/813921973308149/',NULL,NULL,19,NULL),(2975,'מיטל ✨ קניות אונליין בראש שקט ?️','https://www.facebook.com/groups/online.shopping.by.meital/',NULL,NULL,19,NULL),(2976,'קפריסין הטורקית','https://www.facebook.com/groups/Turkish.Cyprus/',NULL,NULL,19,NULL),(2977,'בוחרים כללית במעלות','https://www.facebook.com/groups/clalitmaalottarshiha/',NULL,NULL,19,NULL),(2978,'חלון לצ\'כיה - אוהבי פראג ותרבות צ\'כיה','https://www.facebook.com/groups/442656849848430/',NULL,NULL,19,NULL),(2979,'מנהלות מותג יהלום','https://www.facebook.com/groups/DiamondBrand/',NULL,NULL,19,NULL),(2980,'בחירות לראשות כרמיאל 2023','https://www.facebook.com/groups/275225829531393/',NULL,NULL,19,NULL),(2981,'טנזניה לישראלים Tanzania for Israelis','https://www.facebook.com/groups/232890475067380/',NULL,NULL,19,NULL),(2982,'פורום מערב הוד השרון - ציר החינוך הקבוצה הרשמית','https://www.facebook.com/groups/831632444349275/',NULL,NULL,19,NULL),(2983,'קרניוסקראל פוגש אוסטאופתיה - ICS','https://www.facebook.com/groups/884377125784896/',NULL,NULL,19,NULL),(2984,'Funko  pop Israel community-קהילת אספני פופ ישראל','https://www.facebook.com/groups/1117377802205106/',NULL,NULL,19,NULL),(2985,'הנדימן - HandyMan','https://www.facebook.com/groups/388085258039862/',NULL,NULL,19,NULL),(2986,'שוחים בצוק (והסביבה) - שחייה במים פתוחים','https://www.facebook.com/groups/1088993434449116/',NULL,NULL,19,NULL),(2987,'מאניה דיפרסיה - המקום להחלמה','https://www.facebook.com/groups/395621232585834/',NULL,NULL,19,NULL),(2988,'תאילנד פאטיה - חיפוש שותפים למטייל הבודד','https://www.facebook.com/groups/939299076208478/',NULL,NULL,19,NULL),(2989,'בטומי לישראלים  Batumi for Israel ????','https://www.facebook.com/groups/981497848899122/',NULL,NULL,19,NULL),(2990,'עסקים משפיעים נהנים ומרוויחים עם מירב עמר','https://www.facebook.com/groups/510183410374456/',NULL,NULL,19,NULL),(2991,'מטיילים בתאילנד','https://www.facebook.com/groups/1905911276347959/',NULL,NULL,19,NULL),(2992,'תיירות מרפא באיסטנבול כל מה שצריך לדעת- פליי דנט ישראל,','https://www.facebook.com/groups/1280561462292622/',NULL,NULL,19,NULL),(2993,'קהילת Aiways ישראל','https://www.facebook.com/groups/2242942872505221/',NULL,NULL,19,NULL),(2994,'Costa Rica Sky קוסטה ריקה סקיי','https://www.facebook.com/groups/costaricasky/',NULL,NULL,19,NULL),(2995,'פורום תל-מונד','https://www.facebook.com/groups/Telmond/',NULL,NULL,19,NULL),(2996,'חוזרים ל אנטליה Antalya Turkey','https://www.facebook.com/groups/394684881396998/',NULL,NULL,19,NULL),(2997,'חדשות יקנעם והסביבה','https://www.facebook.com/groups/1714148028867724/',NULL,NULL,19,NULL),(2998,'טסלה ישראל - Tesla Israel','https://www.facebook.com/groups/1751139384947726/',NULL,NULL,19,NULL),(2999,'המנהלת לקידום הכדורסל הישראלי','https://www.facebook.com/groups/245425833579897/',NULL,NULL,19,NULL),(3000,'פלסטלינה בעולם של ברגים','https://www.facebook.com/groups/2014576112130759/',NULL,NULL,19,NULL),(3001,'ועד שכונת יוספטל פתח תקווה','https://www.facebook.com/groups/901378216623079/',NULL,NULL,19,NULL),(3002,'קפיטליזם קשוב ישראל','https://www.facebook.com/groups/3031714167148427/',NULL,NULL,19,NULL),(3003,'אליצור נווה דוד רמלה נשים - דף האוהדים','https://www.facebook.com/groups/923516611051211/',NULL,NULL,19,NULL),(3004,'רומא למטיילים ישראלים - Israelis traveling in Rome','https://www.facebook.com/groups/RomeItineraries/',NULL,NULL,19,NULL),(3005,'מרקום - קהילת מנהלות ומנהלי תקשורת שיווקית   Marcom_IL','https://www.facebook.com/groups/marcomIL/',NULL,NULL,19,NULL),(3006,'Israelis In Seattle - ישראלים בסיאטל','https://www.facebook.com/groups/israelisinseattle/',NULL,NULL,19,NULL),(3007,'פשוט, לצאת החוצה - פעילויות ולמידה מסביב לשנה','https://www.facebook.com/groups/470491233858324/',NULL,NULL,19,NULL),(3008,'קהילת Canva למורים','https://www.facebook.com/groups/canva.community.for.teachers/',NULL,NULL,19,NULL),(3009,'עסקים במועצה אזורית מגידו','https://www.facebook.com/groups/2029269460447242/',NULL,NULL,19,NULL),(3010,'אנגליה למטיילים - England for travelers','https://www.facebook.com/groups/193409561284123/',NULL,NULL,19,NULL),(3011,'פישפשוק יד 2 היסטוריה ווינטג\' למכירה','https://www.facebook.com/groups/4883807498323974/',NULL,NULL,19,NULL),(3012,'יהדות כהשראה בחינוך הממלכתי','https://www.facebook.com/groups/binaforeducators/',NULL,NULL,19,NULL),(3013,'ארץ ישראל בעין העדשה IL in photos','https://www.facebook.com/groups/410840009839692/',NULL,NULL,19,NULL),(3014,'ראש העין | רק דברים טובים','https://www.facebook.com/groups/480017383150230/',NULL,NULL,19,NULL),(3015,'הורים מעצימים - התפתחות למשפחה, נוער וילדים','https://www.facebook.com/groups/992528844855221/',NULL,NULL,19,NULL),(3016,'פורום קנייה ומכירת ספרי לימוד יד 2 (כיתות א - י\"ב)','https://www.facebook.com/groups/1907691349486955/',NULL,NULL,19,NULL),(3017,'\"עושים פה\"- קהילה ליזמות חברתית- עסקית','https://www.facebook.com/groups/881173622222323/',NULL,NULL,19,NULL),(3018,'גליל ים הרצליה ביחד, שירות מהלב♥️','https://www.facebook.com/groups/1302922269779998/',NULL,NULL,19,NULL),(3019,'שומרי החוף והים - גליל מערבי (ראש הנקרה-בצת-אכזיב-נהריה-שבי ציון- עכו  )','https://www.facebook.com/groups/1671262513109766/',NULL,NULL,19,NULL),(3020,'מניפה עמק המעיינות','https://www.facebook.com/groups/1474652609487046/',NULL,NULL,19,NULL),(3021,'אמזון פריים וידאו ישראל - Amazon Prime Video Israel','https://www.facebook.com/groups/2153489454951827/',NULL,NULL,19,NULL),(3022,'מדיטציית צלילים - SOUND MEDITATION','https://www.facebook.com/groups/dror.sound.meditation/',NULL,NULL,19,NULL),(3023,'הורים לילדים עם צרכים מיוחדים','https://www.facebook.com/groups/320397411310448/',NULL,NULL,19,NULL),(3024,'סלובקיה - טיפים ומידע מקצועי ממדריכים','https://www.facebook.com/groups/112713009567696/',NULL,NULL,19,NULL),(3025,'הפנים של מאכילי/ות החתולים','https://www.facebook.com/groups/hatulim/',NULL,NULL,19,NULL),(3026,'הקבוצה של שירה - מדריכת התפתחות תינוקות וילדים','https://www.facebook.com/groups/2216231048456508/',NULL,NULL,19,NULL),(3027,'פשוט להרגיש טוב - רוחניות ותודעה','https://www.facebook.com/groups/340309221140799/',NULL,NULL,19,NULL),(3028,'מכון דש\"א - דמותה של ארץ','https://www.facebook.com/groups/DESHE.INST/',NULL,NULL,19,NULL),(3029,'ביצת תאווה - ביצת תועבה (המאבק בלולי הסוללה)','https://www.facebook.com/groups/freeChicken/',NULL,NULL,19,NULL),(3030,'בוחרים כללית בחיפה','https://www.facebook.com/groups/274966400358988/',NULL,NULL,19,NULL),(3031,'שכונת ויצמן ומתחם רובינא הרצליה - קבוצת הדיירים','https://www.facebook.com/groups/5146247258779471/',NULL,NULL,19,NULL),(3032,'רכישה וניהול דירה בפולין','https://www.facebook.com/groups/warszawa4u/',NULL,NULL,19,NULL),(3033,'הפוטוגניות - העצמה, קבלה וביטחון מול המצלמה','https://www.facebook.com/groups/130047510944045/',NULL,NULL,19,NULL),(3034,'Rhodesian Ridgeback Club Israel מועדון ישראלי לרודזיאן רידג\'בק','https://www.facebook.com/groups/455402624488360/',NULL,NULL,19,NULL),(3035,'בחזרה לעתיד ישראל | Back to the Future Israel','https://www.facebook.com/groups/1682885821941622/',NULL,NULL,19,NULL),(3036,'שיטת המיקסום שממקסמת את הבית שלכם.  אדריכלית רותי קידר','https://www.facebook.com/groups/637074957029465/',NULL,NULL,19,NULL),(3037,'שחייה בכיף • שחיית מים פתוחים ??‍♂️??‍♀️ ???? • Open Water Swimming','https://www.facebook.com/groups/278170529402464/',NULL,NULL,19,NULL),(3038,'Nintendo Israel - נינטנדו ישראל הקהילה','https://www.facebook.com/groups/NintendoIsrael/',NULL,NULL,19,NULL),(3039,'בוחרים כללית בנהריה','https://www.facebook.com/groups/361630307812338/',NULL,NULL,19,NULL),(3040,'לבנות אתר אינטרנט בעצמך - WIY','https://www.facebook.com/groups/920217995365766/',NULL,NULL,19,NULL),(3041,'קרית נורדאו - פורום למען תושבי השכונה','https://www.facebook.com/groups/195460970616763/',NULL,NULL,19,NULL),(3042,'קהילת פימה - FIMA community','https://www.facebook.com/groups/680051766183464/',NULL,NULL,19,NULL),(3043,'הפועל עירוני פתח תקווה - כדורגל נשים','https://www.facebook.com/groups/113279508708242/',NULL,NULL,19,NULL),(3044,'תאילנד שלי','https://www.facebook.com/groups/3160446317503047/',NULL,NULL,19,NULL),(3045,'פרלמנט הספרים The Books\' Parliament','https://www.facebook.com/groups/609154112548098/',NULL,NULL,19,NULL),(3046,'בוחרים כללית בטירת כרמל','https://www.facebook.com/groups/336555927370511/',NULL,NULL,19,NULL),(3047,'איטום - פתרונות איטום ושיקום בטונים בטכנולוגיות מתקדמות','https://www.facebook.com/groups/1942420152672926/',NULL,NULL,19,NULL),(3048,'XBOX Israel - אקסבוקס ישראל הקהילה','https://www.facebook.com/groups/XboxOneIsrael/',NULL,NULL,19,NULL),(3049,'דובאי שלנו - our dubai','https://www.facebook.com/groups/322967081086051/',NULL,NULL,19,NULL),(3050,'ישראלים בצ\'ילה','https://www.facebook.com/groups/178704762729050/',NULL,NULL,19,NULL),(3051,'קפריסין רילוקיישן','https://www.facebook.com/groups/3065206370275085/',NULL,NULL,19,NULL),(3052,'רוקסנה מצעים - קניות והמלצות ⭐','https://www.facebook.com/groups/202794523685/',NULL,NULL,19,NULL),(3053,'קבוצות כדורשת ומאמני כדורשת בישראל','https://www.facebook.com/groups/catchball/',NULL,NULL,19,NULL),(3054,'הבמה המקומית יבנה והסביבה: קהילה, חיבורים,  עסקים ותעסוקה','https://www.facebook.com/groups/1696485834004892/',NULL,NULL,19,NULL),(3055,'מדריד טיפים למטיילים במדריד - Tips for Madrid Travelers','https://www.facebook.com/groups/Tips4Madrid/',NULL,NULL,19,NULL),(3056,'ניו יורק טיפים למטיילים בניו יורק - Tips for New York travelers','https://www.facebook.com/groups/Tips4NewYork/',NULL,NULL,19,NULL),(3057,'צורפות ותכשיטנות - שאלות ותשובות','https://www.facebook.com/groups/130234861007772/',NULL,NULL,19,NULL),(3058,'שותפים להפלגות בארץ ובעולם   Sailing partners in Israel and the world','https://www.facebook.com/groups/776593295714593/',NULL,NULL,19,NULL),(3059,'בוחרים כללית במעלות','https://www.facebook.com/groups/clalitmaalottarshiha/',NULL,NULL,19,NULL),(3060,'המדריך לטיפול במזיקים ולדישון הגינה','https://www.facebook.com/groups/plantspestcontrol/',NULL,NULL,19,NULL),(3061,'נהריה עלי - עתיד לילדנו יבנה','https://www.facebook.com/groups/1288621901880542/',NULL,NULL,19,NULL),(3062,'ReVolve: ריבולב - הבית של משקיעי הנדל״ן בחו״ל','https://www.facebook.com/groups/1637613253080343/',NULL,NULL,19,NULL),(3063,'קורסי העשרה ויצירה לילדים, רובלוקס סקראץ\' עיצוב גרפי ועוד','https://www.facebook.com/groups/704677274110263/',NULL,NULL,19,NULL),(3064,'אתרי טיול לישראלים בקפריסין','https://www.facebook.com/groups/662973727791716/',NULL,NULL,19,NULL),(3065,'להתעורר לחיים בדרך המיינדפולנס','https://www.facebook.com/groups/2689924177722845/',NULL,NULL,19,NULL),(3066,'ליסבון למטיילים ולחברים ??','https://www.facebook.com/groups/242796199470848/',NULL,NULL,19,NULL),(3067,'Mayan Wisdom - חכמת המאיה','https://www.facebook.com/groups/MayanWisdom/',NULL,NULL,19,NULL),(3068,'אחוקי - אחריות חברתית וקהילה','https://www.facebook.com/groups/Ahuki/',NULL,NULL,19,NULL),(3069,'תושבי שכונת בת גלים','https://www.facebook.com/groups/103613043437340/',NULL,NULL,19,NULL),(3070,'איך היא עושה את זה?? פודקאסט ומעבדה לחקר היצירה הנשית','https://www.facebook.com/groups/1347423029075149/',NULL,NULL,19,NULL),(3071,'המגמה האוריינטלית, מרכז עפרון למחול הורה ירושלים','https://www.facebook.com/groups/103884443048776/',NULL,NULL,19,NULL),(3072,'גננות המח״ר (חינוך משמעותי חדשני ורלונטי) במחוז דרום','https://www.facebook.com/groups/gananotmovilot/',NULL,NULL,19,NULL),(3073,'ההמלצות של לימור כרסנטי','https://www.facebook.com/groups/www.limory.co.il/',NULL,NULL,19,NULL),(3074,'לימוד איטלקית','https://www.facebook.com/groups/274256193107967/',NULL,NULL,19,NULL),(3075,'חינוך ביתי בגילאי בית-ספר','https://www.facebook.com/groups/creativehomeschooling/',NULL,NULL,19,NULL),(3076,'ארגנטינה למטיילים - Argentina for Travelers','https://www.facebook.com/groups/230452764274069/',NULL,NULL,19,NULL),(3077,'טיפים ומידע למטיילים בחו\"ל','https://www.facebook.com/groups/797838958014854/',NULL,NULL,19,NULL),(3078,'פורום ייעוץ וליווי למטופלי פוריות','https://www.facebook.com/groups/daphna.zahavi.fertility/',NULL,NULL,19,NULL),(3079,'ציוד גינון יד שנייה','https://www.facebook.com/groups/721490931286364/',NULL,NULL,19,NULL),(3080,'השכרה ומכירה ברמת פולג- עיר ימים','https://www.facebook.com/groups/poleg4poleg/',NULL,NULL,19,NULL),(3081,'Viyno קבוצת היין של ישראל','https://www.facebook.com/groups/winefoodil/',NULL,NULL,19,NULL),(3082,'סככות מעיין\n1800-23-23-11 מוקד הזמנות ארצי.','https://www.facebook.com/groups/974860429269217/',NULL,NULL,19,NULL),(3083,'אוהבי כלבי וסט היילנד וייט טרייר','https://www.facebook.com/groups/1027221108084079/',NULL,NULL,19,NULL),(3084,'מקשיבים למתמודדי נפש','https://www.facebook.com/groups/makshivim/',NULL,NULL,19,NULL),(3085,'מרחב הזדמנויות וחיבורים ECO: מנהלות משאבי אנוש, הדרכה ורווחה עושות ביזקו','https://www.facebook.com/groups/249894513155012/',NULL,NULL,19,NULL),(3086,'תחפושות בעיצוב אישי Костюмы на Пурим и не только','https://www.facebook.com/groups/925694990860487/',NULL,NULL,19,NULL),(3087,'אסטרומרקט - לוח יד שנייה למכירות ציוד אסטרונומיה','https://www.facebook.com/groups/243719812776310/',NULL,NULL,19,NULL),(3088,'חיפאים משפיעים-בחירות 2023','https://www.facebook.com/groups/165650456973260/',NULL,NULL,19,NULL),(3089,'תחפושות חדשות יד 2, מכירה, קניה, השכרה, מסירה  מנהל - שרון מלכה','https://www.facebook.com/groups/733796080083992/',NULL,NULL,19,NULL),(3090,'פורום ישראלים בקפריסין - עסקים ונדל\"ן','https://www.facebook.com/groups/107770169740112/',NULL,NULL,19,NULL),(3091,'ישראלים אוהבי איסלנד','https://www.facebook.com/groups/1528479904030802/',NULL,NULL,19,NULL),(3092,'רומא למטיילים ישראלים - Israelis traveling in Rome','https://www.facebook.com/groups/RomeItineraries/',NULL,NULL,19,NULL),(3093,'I AM THAT - שיתופים, דיונים, שאלות','https://www.facebook.com/groups/251008140226629/',NULL,NULL,19,NULL),(3094,'הורות יצירתית','https://www.facebook.com/groups/2767472933271509/',NULL,NULL,19,NULL),(3095,'פורום ראשון לציון בימת-התושבים','https://www.facebook.com/groups/341662939514880/',NULL,NULL,19,NULL),(3096,'אמנים ישראלים - קהילה מקצועית לאמנים פלסטיים','https://www.facebook.com/groups/artistil/',NULL,NULL,19,NULL),(3097,'רחובות - קול התושבים','https://www.facebook.com/groups/rehovot.news.p/',NULL,NULL,19,NULL),(3098,'יהדות כהשראה בחינוך הממלכתי','https://www.facebook.com/groups/binaforeducators/',NULL,NULL,19,NULL),(3099,'בוחרים כללית בקריית אתא','https://www.facebook.com/groups/clalitqiriatatta/',NULL,NULL,19,NULL),(3100,'אומנויות לחימה - קהילת מאמנים ומתאמנים','https://www.facebook.com/groups/364677675218242/',NULL,NULL,19,NULL),(3101,'מוצרים חמים לבעלי חיים ??','https://www.facebook.com/groups/241034599690405/',NULL,NULL,19,NULL),(3102,'מורים בגלים - לומדים, שואלים ומשתפים','https://www.facebook.com/groups/galimteachers/',NULL,NULL,19,NULL),(3103,'הקיבוצניקים - הבית לכל חברי ותושבי הקיבוצים בעבר ובהווה','https://www.facebook.com/groups/kibbutznik/',NULL,NULL,19,NULL),(3104,'פדיקור מניקור כל הידע וטיפים למקצועיות של המאסטר אורלי דואני','https://www.facebook.com/groups/389524666369219/',NULL,NULL,19,NULL),(3105,'דירות חמות למכירה ולהשכרה בכל הארץ מפרטי ומכונס נכסים!','https://www.facebook.com/groups/488185375348738/',NULL,NULL,19,NULL),(3106,'השרון עסקים - BNI','https://www.facebook.com/groups/hasharonasakim/',NULL,NULL,19,NULL),(3107,'ניו יורק למטיילים- כל מה שמעניין בניו יורק','https://www.facebook.com/groups/179505866476478/',NULL,NULL,19,NULL),(3108,'תצפיות בטבע העירוני עם החברה להגנת הטבע','https://www.facebook.com/groups/1091205557696232/',NULL,NULL,19,NULL),(3109,'דירות למכירה בנופים ציפורים ומורשת','https://www.facebook.com/groups/736510780789752/',NULL,NULL,19,NULL),(3110,'תושבי רמת פולג-עיר ימים','https://www.facebook.com/groups/poleg4you/',NULL,NULL,19,NULL),(3111,'היוצרים - גליל מזרחי','https://www.facebook.com/groups/1796547020521695/',NULL,NULL,19,NULL),(3112,'שפיראים בישראל - Odonata in Israel','https://www.facebook.com/groups/385801311937289/',NULL,NULL,19,NULL),(3113,'ייעוץ וטיפים להורים לילדים עם קשיי קשב וריכוז','https://www.facebook.com/groups/124561188279105/',NULL,NULL,19,NULL),(3114,'כפר סבא - בחירות 2023','https://www.facebook.com/groups/kfarsabaim/',NULL,NULL,19,NULL),(3115,'הקבוצה לעסקים מבוססי משמעות בישראל','https://www.facebook.com/groups/333620892100686/',NULL,NULL,19,NULL),(3116,'מה עושים בחופשה בגליל המערבי','https://www.facebook.com/groups/841075375929343/',NULL,NULL,19,NULL),(3117,'אננדה -  מחשבות מעשיות על יוגה','https://www.facebook.com/groups/anandanow/',NULL,NULL,19,NULL),(3118,'מפגשי טיסנים, מסוקים, רחפנים ומכוניות על שלט','https://www.facebook.com/groups/937736977203112/',NULL,NULL,19,NULL),(3119,'בוסטון למטיילים - Boston for Travelers','https://www.facebook.com/groups/392508891182359/',NULL,NULL,19,NULL),(3120,'אדוואיטה ודנטה ישראל - Advaita Vedanta Israel','https://www.facebook.com/groups/130656064149593/',NULL,NULL,19,NULL),(3121,'איציק חדד - צורפות','https://www.facebook.com/groups/212039045585413/',NULL,NULL,19,NULL),(3122,'Duet דו-עט: הקבוצה הרשמית','https://www.facebook.com/groups/duet1/',NULL,NULL,19,NULL),(3123,'דובאי שלנו - our dubai','https://www.facebook.com/groups/322967081086051/',NULL,NULL,19,NULL),(3124,'Nintendo Israel - נינטנדו ישראל הקהילה','https://www.facebook.com/groups/NintendoIsrael/',NULL,NULL,19,NULL),(3125,'Z-SCHOOL - בית הספר הווירטואלי של דור העתיד','https://www.facebook.com/groups/611702549713821/',NULL,NULL,19,NULL),(3126,'הורים שפויים ורציונליים אמריקה','https://www.facebook.com/groups/278830532791083/',NULL,NULL,19,NULL),(3127,'הקהילה עם הסופר פאוור הפרעת קשב וריכוז','https://www.facebook.com/groups/491033689263943/',NULL,NULL,19,NULL),(3128,'אפילפסיה עמידה לטיפול תרופתי','https://www.facebook.com/groups/196106504353677/',NULL,NULL,19,NULL),(3129,'מוצר צריכה בסיסי - פורום יין','https://www.facebook.com/groups/wineisbasic/',NULL,NULL,19,NULL),(3130,'על הדרך למשפחה המטיילת | לא רק פודקאסט','https://www.facebook.com/groups/allhaderech/',NULL,NULL,19,NULL),(3131,'הבית להורים ברמלה','https://www.facebook.com/groups/256028209942646/',NULL,NULL,19,NULL),(3132,'טבריה  טבור ארץ ישראל','https://www.facebook.com/groups/679051772262357/',NULL,NULL,19,NULL),(3133,'טכנאי ומתקיני מיזוג אוויר בירושלים והסביבה','https://www.facebook.com/groups/625415801705106/',NULL,NULL,19,NULL),(3134,'כרמיאל - נא להפריע -  שכונת רבין','https://www.facebook.com/groups/172364275062277/',NULL,NULL,19,NULL),(3135,'ישראלים ביוון','https://www.facebook.com/groups/419824665045668/',NULL,NULL,19,NULL),(3136,'הכנה לכיתה א\' ותכנים לימודיים - הורים מורים ואנשי חינוך - מוכנות לכיתה א','https://www.facebook.com/groups/educationil/',NULL,NULL,19,NULL),(3137,'אוטיזם - הורים מתייעצים ומשתפים','https://www.facebook.com/groups/185878605351549/',NULL,NULL,19,NULL),(3138,'אטרקציות ואוכל בהר הנגב ורמת נגב','https://www.facebook.com/groups/2000607376855092/',NULL,NULL,19,NULL),(3139,'הקריסטלים ואנחנו','https://www.facebook.com/groups/339312426476501/',NULL,NULL,19,NULL),(3140,'זוהר צפוני רשת מקצועית חברתית בארצות הנורדיות','https://www.facebook.com/groups/108688166231873/',NULL,NULL,19,NULL),(3141,'מדריד טיפים למטיילים במדריד - Tips for Madrid Travelers','https://www.facebook.com/groups/Tips4Madrid/',NULL,NULL,19,NULL),(3142,'סיפורים מלבנון - מה שקרה במוצבים','https://www.facebook.com/groups/209634923658154/',NULL,NULL,19,NULL),(3143,'איי סיישל למטיילים ישראלים הקבוצה הסודית Seychelles for Israeli travelers‏','https://www.facebook.com/groups/Seychelles.Travel/',NULL,NULL,19,NULL),(3144,'אומנות חיברות לחתולים חששנים או תוקפנים','https://www.facebook.com/groups/507301817257252/',NULL,NULL,19,NULL),(3145,'לומדים ועושים שיווק עם סיון שלחין','https://www.facebook.com/groups/learingandmarketing/',NULL,NULL,19,NULL),(3146,'Dance Center - מוצרי ריקוד יד 2, חנויות אינטרנטיות, חיפוש בני זוג ועוד','https://www.facebook.com/groups/dancecenterapp/',NULL,NULL,19,NULL),(3147,'לומדים בוב פרוקטור','https://www.facebook.com/groups/TAGR.Application/',NULL,NULL,19,NULL),(3148,'‎לחצתי, קניתי - המלצות לשופינג אונליין‎','https://www.facebook.com/groups/lahaztikaniti/',NULL,NULL,19,NULL),(3149,'המגמה האוריינטלית, מרכז עפרון למחול הורה ירושלים','https://www.facebook.com/groups/103884443048776/',NULL,NULL,19,NULL),(3150,'צימרים ולינה ביהודה, שומרון ובנימין','https://www.facebook.com/groups/zimmerim.yeshasakim/',NULL,NULL,19,NULL),(3151,'פורום התושבים האזורי להגנת הסביבה - שרון-כרמל','https://www.facebook.com/groups/1120935161367322/',NULL,NULL,19,NULL),(3152,'פרפקציוניסטיות משווקות','https://www.facebook.com/groups/perfectme/',NULL,NULL,19,NULL),(3153,'‏צימר בקלות: צימרים, וילות, סאבלט - מאות מתחמי אירוח מחכים לכם גם בדקה ה90','https://www.facebook.com/groups/EzZimmer/',NULL,NULL,19,NULL),(3154,'אבן יהודה בתמונות','https://www.facebook.com/groups/817999099294280/',NULL,NULL,19,NULL),(3155,'קהילת החברה להגנת הטבע בתל אביב-יפו והסביבה','https://www.facebook.com/groups/tevatlv/',NULL,NULL,19,NULL),(3156,'נבחרת בעלי העסקים - עם צביה וילצ\'יק','https://www.facebook.com/groups/563722407550102/',NULL,NULL,19,NULL),(3157,'הבית המשפטי לחולי פיברומיאלגיה בישראל','https://www.facebook.com/groups/FibromyalgiaSyndrome/',NULL,NULL,19,NULL),(3158,'הסדרת חריגות בנייה תוך שנה - כל מה שרציתם לשאול','https://www.facebook.com/groups/1472613073259763/',NULL,NULL,19,NULL),(3159,'אי תנועה - קהילת אנשים עם מוגבלות למען מיצוי זכויות וחופש ניידות','https://www.facebook.com/groups/e.tnua/',NULL,NULL,19,NULL),(3160,'חיים בעפולה - הדף הרשמי לתושבי העיר ויישובי הסביבה','https://www.facebook.com/groups/846205425409922/',NULL,NULL,19,NULL),(3161,'מקשיבים למתמודדי נפש','https://www.facebook.com/groups/makshivim/',NULL,NULL,19,NULL),(3162,'תחפושות בעיצוב אישי Костюмы на Пурим и не только','https://www.facebook.com/groups/925694990860487/',NULL,NULL,19,NULL),(3163,'חיפאים משפיעים-בחירות 2023','https://www.facebook.com/groups/165650456973260/',NULL,NULL,19,NULL),(3164,'לגדל ילדים ספורטיביים','https://www.facebook.com/groups/707568573649784/',NULL,NULL,19,NULL),(3165,'אסטרומרקט - לוח יד שנייה למכירות ציוד אסטרונומיה','https://www.facebook.com/groups/243719812776310/',NULL,NULL,19,NULL),(3166,'מרחב הזדמנויות וחיבורים ECO: מנהלות משאבי אנוש, הדרכה ורווחה עושות ביזקו','https://www.facebook.com/groups/249894513155012/',NULL,NULL,19,NULL),(3167,'מטה מאבק תושבים - מתקן מסוכן לא כאן!','https://www.facebook.com/groups/963830527543479/',NULL,NULL,19,NULL),(3168,'ביולוגיה ימית - אונ\' בן-גוריון, קמפוס אילת Marine Biology, BGU Eilat','https://www.facebook.com/groups/146402938767009/',NULL,NULL,19,NULL),(3169,'ניו זילנד עם ילדים','https://www.facebook.com/groups/287617738299141/',NULL,NULL,19,NULL),(3170,'תושבים מטפחים סביבה בנתניה','https://www.facebook.com/groups/231272787003029/',NULL,NULL,19,NULL),(3171,'Omri\'s House - בית חכם לכולם','https://www.facebook.com/groups/omrish/',NULL,NULL,19,NULL),(3172,'בוחרים כללית בעוספיא نحتار كلاليت في عسفيا','https://www.facebook.com/groups/542622373307246/',NULL,NULL,19,NULL),(3173,'מרחב שקמה הוא הבית שלי','https://www.facebook.com/groups/551105155074280/',NULL,NULL,19,NULL),(3174,'Playback Theater Israel תאטרון פלייבק בישראל - הקהילה','https://www.facebook.com/groups/126413344169525/',NULL,NULL,19,NULL),(3175,'אוהבים את נחל גזר','https://www.facebook.com/groups/1190662198336288/',NULL,NULL,19,NULL),(3176,'הפורום לחקלאות עירונית - אוכל טוב גדל קרוב','https://www.facebook.com/groups/UrbanFarmersCommunity/',NULL,NULL,19,NULL),(3177,'מרצים ומעבירי סדנאות, שת\"פ ומידע שיווקי','https://www.facebook.com/groups/martzim/',NULL,NULL,19,NULL),(3178,'תאילנד החופשה המושלמת','https://www.facebook.com/groups/1868888486711141/',NULL,NULL,19,NULL),(3179,'ייעוץ זוגי , גישור והכוונה באהבה. קבוצת פירסום.','https://www.facebook.com/groups/169051633442928/',NULL,NULL,19,NULL),(3180,'קהילת קפה בנוף ☕ ?‎| עגלות קפה ופודטראקס מומלצות בישראל ובעולם','https://www.facebook.com/groups/202365648086280/',NULL,NULL,19,NULL),(3181,'נורווגיה למטיילים ישראלים הקבוצה הסודית - Norway for Israeli travelers‏','https://www.facebook.com/groups/norway.tours/',NULL,NULL,19,NULL),(3182,'פורום ראשון לציון בימת-התושבים','https://www.facebook.com/groups/341662939514880/',NULL,NULL,19,NULL),(3183,'נדלן בקופנגן, תאילנד.','https://www.facebook.com/groups/2230095760547349/',NULL,NULL,19,NULL),(3184,'קבוצות כדורשת ומאמני כדורשת בישראל','https://www.facebook.com/groups/catchball/',NULL,NULL,19,NULL),(3185,'קהילת אקוטופיה - ונטעת #עיר_יער ecotopia','https://www.facebook.com/groups/453585361896193/',NULL,NULL,19,NULL),(3186,'קוסטה ריקה למטייל','https://www.facebook.com/groups/1879214788976521/',NULL,NULL,19,NULL),(3187,'הקיבוצניקים - הבית לכל חברי ותושבי הקיבוצים בעבר ובהווה','https://www.facebook.com/groups/kibbutznik/',NULL,NULL,19,NULL),(3188,'הפורום לפרקטיקה אימונית - מבית סטנדרט','https://www.facebook.com/groups/coachpractices/',NULL,NULL,19,NULL),(3189,'בונים ומשפצים בדרום - הוזלת עלויות וטיפים','https://www.facebook.com/groups/ofakim1/',NULL,NULL,19,NULL),(3190,'השרון עסקים - BNI','https://www.facebook.com/groups/hasharonasakim/',NULL,NULL,19,NULL),(3191,'מנהלות -קהילת מעוף ליזמיות ובעלות עסקים בדרום והשפלה','https://www.facebook.com/groups/431870204254232/',NULL,NULL,19,NULL),(3192,'תצפיות בטבע העירוני עם החברה להגנת הטבע','https://www.facebook.com/groups/1091205557696232/',NULL,NULL,19,NULL),(3193,'מה עושים בחופשה בגליל המערבי','https://www.facebook.com/groups/841075375929343/',NULL,NULL,19,NULL),(3194,'תושבי אבן יהודה','https://www.facebook.com/groups/evenyehuda.community/',NULL,NULL,19,NULL),(3195,'שופינג וסטייל איסטנבול','https://www.facebook.com/groups/475549320555959/',NULL,NULL,19,NULL),(3196,'קהילת ידע בפילאטיס רב- תחומי','https://www.facebook.com/groups/198317083520634/',NULL,NULL,19,NULL),(3197,'ריגה לטביה למטיילים ישראלים הקבוצה הסודית - Riga for Israeli travelers‏','https://www.facebook.com/groups/Riga.Latvia/',NULL,NULL,19,NULL),(3198,'בוסטון למטיילים - Boston for Travelers','https://www.facebook.com/groups/392508891182359/',NULL,NULL,19,NULL),(3199,'עינת אביה חזן- מתקשרת באמצעות התהלים','https://www.facebook.com/groups/484665989256551/',NULL,NULL,19,NULL),(3200,'כּוּלִי - מדברים קונסטלציה משפחתית ו IOPT, קבוצת לימוד ושיתוף סודית בהחלט','https://www.facebook.com/groups/466450861849722/',NULL,NULL,19,NULL),(3201,'כוכב הצפון תל אביב - ועד שכונה','https://www.facebook.com/groups/226815554144379/',NULL,NULL,19,NULL),(3202,'Viyno קבוצת היין של ישראל','https://www.facebook.com/groups/winefoodil/',NULL,NULL,19,NULL),(3203,'הורים יוצאים מן הכלל - עם יאיר סהר','https://www.facebook.com/groups/OutstandingParents/',NULL,NULL,19,NULL),(3204,'מאמאטבע חיפאיות ומסביבן','https://www.facebook.com/groups/155691431469027/',NULL,NULL,19,NULL),(3205,'??באקו למטייל הישראלי ?? Baku for travelers','https://www.facebook.com/groups/194367124497981/',NULL,NULL,19,NULL),(3206,'נווה שאנן - קהילה דיונים ופרסומים','https://www.facebook.com/groups/328383510956056/',NULL,NULL,19,NULL),(3207,'תזונת ילדים בעידן השפע','https://www.facebook.com/groups/tzunatyeladim/',NULL,NULL,19,NULL),(3208,'מאמות בכפר סבא','https://www.facebook.com/groups/KfarSabaMoms/',NULL,NULL,19,NULL),(3209,'תכשיטנים למען תכשיטנים','https://www.facebook.com/groups/186864211882751/',NULL,NULL,19,NULL),(3210,'הבית להורים ברמלה','https://www.facebook.com/groups/256028209942646/',NULL,NULL,19,NULL),(3211,'Live, study, invest and work in Turkey','https://www.facebook.com/groups/livestudyinvestandworkinturkey/',NULL,NULL,48,NULL),(3212,'We want to work in Portugal','https://www.facebook.com/groups/WewanttoliveandworkinPortugal/',NULL,NULL,47,NULL),(3213,'work in Portugal (on-line)','https://www.facebook.com/groups/jobinportugal/',NULL,NULL,47,NULL),(3214,'365 days work in Portugal','https://www.facebook.com/groups/388410928958551/',NULL,NULL,47,NULL),(3215,'Jobs for multilinguals Wroclaw','https://www.facebook.com/groups/multilingualwroclaw/',NULL,NULL,47,NULL),(3216,'work in Portugal ?? : Global Community','https://www.facebook.com/groups/1549174025357872/',NULL,NULL,47,NULL),(3217,'work in Portugal','https://www.facebook.com/groups/698720328402674/',NULL,NULL,47,NULL),(3218,'Live and work in Romania','https://www.facebook.com/groups/997320527425355/',NULL,NULL,43,NULL),(3219,'We want to work in Belgium and Holland','https://www.facebook.com/groups/801663453258852/',NULL,NULL,41,NULL),(3220,'Srilankan People work in Italy','https://www.facebook.com/groups/760205050773236/',NULL,NULL,40,NULL),(3221,'IAN Academy Student Forum \"SOS Study/work in Italy\"','https://www.facebook.com/groups/1389644964551056/',NULL,NULL,40,NULL),(3222,'Наши в Бельгии.','https://www.facebook.com/groups/466484650350379/',NULL,NULL,27,NULL),(3223,'Бесплатные объявления в Бельгии','https://www.facebook.com/groups/715911411836814/',NULL,NULL,27,NULL),(3224,'Русскоязычные объявления в Бельгии','https://www.facebook.com/groups/2373617979589602/',NULL,NULL,27,NULL),(3225,'Работа в Бельгии.','https://www.facebook.com/groups/1260668674431332/',NULL,NULL,27,NULL),(3226,'Бельгия Работа Вакансии Брюссель Помогаем Нашим!','https://www.facebook.com/groups/pomogaem.belgium/',NULL,NULL,27,NULL),(3227,'Украинцы в Испании','https://www.facebook.com/groups/asistenciaucranianos/',NULL,NULL,26,NULL),(3228,'Работа в Испании','https://www.facebook.com/groups/1429679983774227/',NULL,NULL,26,NULL),(3229,'Работа в Испании. Бесплатные вакансии.','https://www.facebook.com/groups/spainwork/',NULL,NULL,26,NULL),(3230,'Барселона Работа Испания Вакансии Специалисты Помогаем Нашим!','https://www.facebook.com/groups/rotfront.spain/',NULL,NULL,26,NULL),(3231,'Русскоязычные объявления в Испании/ Spain4You','https://www.facebook.com/groups/anuncioes4ru/',NULL,NULL,26,NULL),(3232,'Русские в Испании','https://www.facebook.com/groups/russianinspain/',NULL,NULL,26,NULL),(3233,'Аренда и сдача  жилья в Испании','https://www.facebook.com/groups/359589657806324/',NULL,NULL,26,NULL),(3234,'работа в  Испании','https://www.facebook.com/groups/821094528248721/',NULL,NULL,26,NULL),(3235,'Наша Испания Работа, события в Испании жизнь в Испании','https://www.facebook.com/groups/796026954374822/',NULL,NULL,26,NULL),(3236,'Наши в Испании ?????? Работа. Бесплатные объявления. Помощь. Информ','https://www.facebook.com/groups/2895932800460204/',NULL,NULL,26,NULL),(3237,'Валенсия всё для Жизни в Испании','https://www.facebook.com/groups/528318418446703/',NULL,NULL,26,NULL),(3238,'ИСПАНИЯ ILS (ILove-Spain) ?? Жизнь и работа в Испании. Объявления, услуги','https://www.facebook.com/groups/ilovespain.ils/',NULL,NULL,26,NULL),(3239,'Недвижимость и работа в Испании. Аликанте, Бенидорм, Торревьеха.','https://www.facebook.com/groups/3394825510753648/',NULL,NULL,26,NULL),(3240,'Работа в Испании','https://www.facebook.com/groups/581184699980876/',NULL,NULL,26,NULL),(3241,'Работа в Испании: актуальные вакансии!','https://www.facebook.com/groups/workmarket.eu.rabota.v.ispanii/',NULL,NULL,26,NULL),(3242,'Помощь Украинцам в Испании','https://www.facebook.com/groups/686958542613083/',NULL,NULL,26,NULL),(3243,'Работа в Испании для всех! Jobs in Spain for everyone!','https://www.facebook.com/groups/416278748387674/',NULL,NULL,26,NULL),(3244,'Девочки в Испании','https://www.facebook.com/groups/ruspain/',NULL,NULL,26,NULL),(3245,'РАБОТА В ЕВРОПЕ ?? Германия/ Испания/ Италия ??','https://www.facebook.com/groups/447609230743159/',NULL,NULL,26,NULL),(3246,'Работа в Испании','https://www.facebook.com/groups/278721042677017/',NULL,NULL,26,NULL),(3247,'Работа в Сингапуре,Испании,Италии,Швейцарии и др. от Yourimpresario','https://www.facebook.com/groups/961911927224035/',NULL,NULL,26,NULL),(3248,'Работа в Испании','https://www.facebook.com/groups/368288800234903/',NULL,NULL,26,NULL),(3249,'Работа в Турции Италии Китае Испании Кипре','https://www.facebook.com/groups/503049533233136/',NULL,NULL,26,NULL),(3250,'Trabajo en España y Portugal/Работа в Испании/Emprego em Espanha e Portugal','https://www.facebook.com/groups/trabajoespania/',NULL,NULL,26,NULL),(3251,'Работа в Испании','https://www.facebook.com/groups/288471935325853/',NULL,NULL,26,NULL),(3252,'Работа в Сингапуре,Бали,Испании,Италии,Швейцарии,на Карибах,в Мексике и др','https://www.facebook.com/groups/663715977015862/',NULL,NULL,26,NULL),(3253,'Работа в Испании','https://www.facebook.com/groups/1335912810102115/',NULL,NULL,26,NULL),(3254,'⛱ МЫ НА КАНАРАХ! Russian Canary Islands, Spain, Tenerife. Русские в Испании','https://www.facebook.com/groups/tenerifer/',NULL,NULL,26,NULL),(3255,'Работа в Испании','https://www.facebook.com/groups/1339194569591750/',NULL,NULL,26,NULL),(3256,'Работа за рубежом, вакансии за рубежом, работа в США, Канаде, Испании,Итали','https://www.facebook.com/groups/1172928239456219/',NULL,NULL,26,NULL),(3257,'Работа в Турции, Италии, Швейцарии, Сингапуре, Франции, Испании, Португалии','https://www.facebook.com/groups/workinclubs/',NULL,NULL,26,NULL),(3258,'Работа в Испании','https://www.facebook.com/groups/1479999392442943/',NULL,NULL,26,NULL),(3259,'Работа, жилье в Риге, Латвии /  Darbs, mājoklis Rīgā un Latvijā','https://www.facebook.com/groups/257952961815272/',NULL,NULL,26,NULL),(3260,'Работа в Испании для строителей','https://www.facebook.com/groups/650341299419139/',NULL,NULL,26,NULL),(3261,'Работа в Испании','https://www.facebook.com/groups/260288076141251/',NULL,NULL,26,NULL),(3262,'Gdańsk. Sopot. Gdynia.™ (объявление, работа, жилье)','https://www.facebook.com/groups/gdansk.gdynia.sopot/',NULL,NULL,26,NULL),(3263,'Объявления, работа, обучение в Испании QUEbusco.es','https://www.facebook.com/groups/202902713522657/',NULL,NULL,26,NULL),(3264,'Работа и вакансии в Испании','https://www.facebook.com/groups/russian.jobs.spain/',NULL,NULL,26,NULL),(3265,'Работа, Водители С+Е в Испании.\nLucru, Shoferi C+E in Espania.','https://www.facebook.com/groups/332031620704098/',NULL,NULL,26,NULL),(3266,'Черный список работодателей. Испания','https://www.facebook.com/groups/blacklist.spain/',NULL,NULL,26,NULL),(3267,'Варшава 24/7 работа, жилье, услуги','https://www.facebook.com/groups/296031984909545/',NULL,NULL,26,NULL),(3268,'Варшава - услуги, работа, жилье','https://www.facebook.com/groups/2647730145249676/',NULL,NULL,26,NULL),(3269,'Испания . Предложения и поиск работы.','https://www.facebook.com/groups/994648153914453/',NULL,NULL,26,NULL),(3270,'Варшава жилье и работа','https://www.facebook.com/groups/217279786007650/',NULL,NULL,26,NULL),(3271,'ВАРШАВА ДЛЯ СВОИХ | объявления, жилье, работа','https://www.facebook.com/groups/Warszawapoland/',NULL,NULL,26,NULL),(3272,'Наші Хлопці ??В Іспанії Наши Парни в Испании','https://www.facebook.com/groups/439416271181046/',NULL,NULL,26,NULL),(3273,'Аренда жилья в Барселоне и  в Испании . Куда пойти, что посмотреть.','https://www.facebook.com/groups/583750758892145/',NULL,NULL,26,NULL),(3274,'Наша Польша. Работа, документы, жилье, развлечения, жизнь.','https://www.facebook.com/groups/naszapolskawarszawa/',NULL,NULL,26,NULL),(3275,'ВАРШАВА, БЛОНЬ, СОХАЧЕВ, ПОЛЬША | объявления, жилье, работа','https://www.facebook.com/groups/Sochaczewpolska/',NULL,NULL,26,NULL),(3276,'Работа в Испании Trud.es','https://www.facebook.com/groups/890403814503501/',NULL,NULL,26,NULL),(3277,'Робота в Испании для девушек которые любят секс!!!','https://www.facebook.com/groups/210877186917288/',NULL,NULL,26,NULL),(3278,'Польша и Европа для СНГ...Обьявления БЕЗ потверждения на работу и жилье.л','https://www.facebook.com/groups/286592218508153/',NULL,NULL,26,NULL),(3279,'Аренда в Испании - апартаменты, дома, авто','https://www.facebook.com/groups/391743621688109/',NULL,NULL,26,NULL),(3280,'Работа, жилье в Праге и Чехии / Práce, bydlení v Praze a České Republice','https://www.facebook.com/groups/404519296982539/',NULL,NULL,26,NULL),(3281,'ВАРШАВА, ПОЛЬША | объявления, жилье, работа','https://www.facebook.com/groups/warszawapoland2/',NULL,NULL,26,NULL),(3282,'Доска объявлений в Испании','https://www.facebook.com/groups/ukrruvalencia/',NULL,NULL,26,NULL),(3283,'Аренда для отдыха в Испании / rentals for travelers in Spain','https://www.facebook.com/groups/662695937467995/',NULL,NULL,26,NULL),(3284,'Вакансии в Европе, вакансии в Израиле, вакансии в Чехии, Польше, Испании','https://www.facebook.com/groups/work97/',NULL,NULL,26,NULL),(3285,'Объявления о работе в Испании','https://www.facebook.com/groups/118424122209660/',NULL,NULL,26,NULL),(3286,'ПРОФСОЮЗ работников сферы недвижимости в Испании','https://www.facebook.com/groups/profsous.realestates/',NULL,NULL,26,NULL),(3287,'Работа во Франции: актуальные вакансии!','https://www.facebook.com/groups/workmarket.eu.rabota.vo.francii/',NULL,NULL,25,NULL),(3288,'Работа во Франции','https://www.facebook.com/groups/vakansii.fr/',NULL,NULL,25,NULL),(3289,'Париж Работа Вакансии Специалисты Франция Помогаем Нашим!','https://www.facebook.com/groups/rotfront.paris/',NULL,NULL,25,NULL),(3290,'Франция - Работа - Вакансии - Jobs','https://www.facebook.com/groups/france.rabota/',NULL,NULL,25,NULL),(3291,'У.Р.А. Франция (Услуги, Работа, Аренда в Париже и Франции)','https://www.facebook.com/groups/249269712536527/',NULL,NULL,25,NULL),(3292,'Работа в Европе??Германия??Франция??Финляндия??Швеция??Польша??','https://www.facebook.com/groups/LegalEuroJob/',NULL,NULL,25,NULL),(3293,'Работа в Германии,Франции,Швеции!!','https://www.facebook.com/groups/144744169420908/',NULL,NULL,25,NULL),(3294,'Франция Работа Вакансии Специалисты Сеть Помогаем Нашим!','https://www.facebook.com/groups/pomogaem.france/',NULL,NULL,25,NULL),(3295,'Работа в Франции','https://www.facebook.com/groups/924408004852638/',NULL,NULL,25,NULL),(3296,'TRAVAIL EN FRANCE Я предлагаю работу во Франции Я ищу работу во Франции','https://www.facebook.com/groups/1618639528205176/',NULL,NULL,25,NULL),(3297,'Легальная работа в Европе Дания, Швеция, Германия, Франция','https://www.facebook.com/groups/goldmax2020/',NULL,NULL,25,NULL),(3298,'Работа в Польше/Германии/Бельгии/Франции','https://www.facebook.com/groups/4280613618717156/',NULL,NULL,25,NULL),(3299,'Работа во Франции','https://www.facebook.com/groups/988181278511264/',NULL,NULL,25,NULL),(3300,'Работа в Франции','https://www.facebook.com/groups/2777558462563569/',NULL,NULL,25,NULL),(3301,'Группа Работа в Европе, Польша, Бельгия, Нидерланды, Швеция, Франция, Дания','https://www.facebook.com/groups/348813672458052/',NULL,NULL,25,NULL),(3302,'Работа в Европе! ( Франция! Германия! Польша! Эстония! )','https://www.facebook.com/groups/498861894654609/',NULL,NULL,25,NULL),(3303,'Няня Домработница в Европе, Работа: Франция, Италия, Австрия, Швейцария','https://www.facebook.com/groups/nanny.europe/',NULL,NULL,25,NULL),(3304,'РАБОТА И ВАКАНСИИ в Франции, Бельгии, Монако, Люксембурге и Италии','https://www.facebook.com/groups/russian.jobs.france/',NULL,NULL,25,NULL),(3305,'Работа во Франции','https://www.facebook.com/groups/2650471038609952/',NULL,NULL,25,NULL),(3306,'Работа в Турции, Болгарии, ОАЭ и Франции','https://www.facebook.com/groups/431787137513391/',NULL,NULL,25,NULL),(3307,'Продам, Отдам, Поменяю, Услуги и работа в Париже, Франция ( Paris, France )','https://www.facebook.com/groups/916471835065120/',NULL,NULL,25,NULL),(3308,'Работа , жильё в Франции','https://www.facebook.com/groups/619400839476025/',NULL,NULL,25,NULL),(3309,'Работа в Турции, Болгарии, ОАЭ и Франции','https://www.facebook.com/groups/431787137513391/',NULL,NULL,25,NULL),(3310,'РАБОТА В ЕВРОПЕ (Польша, Германия, Франция, Бельгия, Голландия, Дания )','https://www.facebook.com/groups/422499628805634/',NULL,NULL,25,NULL),(3311,'Доска объявлений Одессы и Одесской области, объявления','https://www.facebook.com/groups/1186114084742902/',NULL,NULL,56,1),(3312,'Одесса. Доска объявлений! Куплю - Продам!','https://www.facebook.com/groups/evropa.od.ua/',NULL,NULL,56,2),(3313,'Доска Обьявлений Украина | Одесса | Херсон | Киев','https://www.facebook.com/groups/418783408581140/',NULL,NULL,56,2),(3314,'\"Доска объявлений Одесса, Одесская область\"','https://www.facebook.com/groups/1159193074423201/',NULL,NULL,56,2),(3315,'Доска объявлений Украина UA','https://www.facebook.com/groups/185382025219002/',NULL,NULL,56,2),(3316,'Одесса. Доска Объявлений.','https://www.facebook.com/groups/334304838348677/',NULL,NULL,56,2),(3317,'Доска объявлений Одесса','https://www.facebook.com/groups/469771541324462/',NULL,NULL,56,2),(3318,'Оголошення Новая Одесса купи -продай.','https://www.facebook.com/groups/269117764288911/',NULL,NULL,56,1),(3319,'Одесса | Барахолка UA Odessa | Доска объявлений Одессы | Одеса','https://www.facebook.com/groups/baraholkaodessa/',NULL,NULL,56,2),(3320,'Доска объявлений','https://www.facebook.com/groups/adsreklama/',NULL,NULL,56,2),(3321,'барахолка Одесса','https://www.facebook.com/groups/605240100144594/',NULL,NULL,56,2),(3322,'Одесса Доска объявлений / барахолка / купить / продать / работа','https://www.facebook.com/groups/odessa.work.1/',NULL,NULL,56,2),(3323,'Доска объявлений . Объяви на весь мир.','https://www.facebook.com/groups/1.REKLAMA.RUS/',NULL,NULL,56,2),(3324,'Объявления Одесса','https://www.facebook.com/groups/ObyavleniaOdessa/',NULL,NULL,56,2),(3325,'1 Доска объявлений Одесса','https://www.facebook.com/groups/2283449325291368/',NULL,NULL,56,2),(3326,'доска бесплатных объявлений 24/7','https://www.facebook.com/groups/Commentpost/',NULL,NULL,56,2),(3327,'Одеса_Оголошення Одесса_Объявления','https://www.facebook.com/groups/OdessaOgoloshennya/',NULL,NULL,56,2),(3328,'Доска объявлений.Одесса.Куплю.Продам.Аренда.Разное','https://www.facebook.com/groups/182244042558964/',NULL,NULL,56,2),(3329,'Доска объявлений Одесса и область','https://www.facebook.com/groups/428714241299843/',NULL,NULL,56,2),(3330,'Группа Ж/М \"Радужный\" Одесса.  Доска объявлений Одесса Радужный','https://www.facebook.com/groups/raduzhnyj/',NULL,NULL,56,2),(3331,'\"Мир продаж\"! Одесса и обл!!! Доска бесплатных  объявлений','https://www.facebook.com/groups/352463912626294/',NULL,NULL,56,1),(3332,'Доска объявлений Украина, Киев, Львов, Одесса.','https://www.facebook.com/groups/1454826091203828/',NULL,NULL,56,2),(3333,'КУПЛЮ-ПРОДАМ Одесса Одеская области','https://www.facebook.com/groups/140635087208459/',NULL,NULL,56,2),(3334,'Обьявление !Одесса  Вся Одесская Область','https://www.facebook.com/groups/931497623724968/',NULL,NULL,56,2),(3335,'Барахолка объявления Одесса','https://www.facebook.com/groups/542907786181441/',NULL,NULL,56,2),(3336,'?ДОСКА ОБЬЯВЛЕНИЙ  г.Одесса','https://www.facebook.com/groups/doska.obiavlenia.odessa/',NULL,NULL,56,2),(3337,'Доска объявлений город Одесса (куплю, продам, работа, недвижимость, ищу)','https://www.facebook.com/groups/798646343967487/',NULL,NULL,56,2),(3338,'Бердянск — Доска объявлений / Бесплатно','https://www.facebook.com/groups/BRDoska/',NULL,NULL,56,2),(3339,'Доска объявлений Киев','https://www.facebook.com/groups/Kievbo/',NULL,NULL,56,2),(3340,'Объявления - Одесса Черноморск','https://www.facebook.com/groups/186128332018178/',NULL,NULL,56,2),(3341,'Объявления работа аренда, реклама Одесса','https://www.facebook.com/groups/pr.odessa/',NULL,NULL,56,2),(3342,'Доска объявлений Одесса','https://www.facebook.com/groups/370585733349527/',NULL,NULL,56,2),(3343,'Одесса - Строительство/Стройматериалы - Доска объявлений \"BIG SALE\"','https://www.facebook.com/groups/doska.bigsale.odessa/',NULL,NULL,56,2),(3344,'Доска объявлений. Бессарабия. Украина','https://www.facebook.com/groups/531374950539116/',NULL,NULL,56,1),(3345,'Доска объявлений г. Шостка','https://www.facebook.com/groups/ads.shostka/',NULL,NULL,56,2),(3346,'Бесплатные объявления Украина','https://www.facebook.com/groups/155707435133432/',NULL,NULL,56,2),(3347,'Доска объявлений. Херсон','https://www.facebook.com/groups/119660308700790/',NULL,NULL,56,2),(3348,'Илл-во. Информация и объявления.','https://www.facebook.com/groups/493699511023352/',NULL,NULL,56,2),(3349,'Доска объявлений \"Плюшкин\" Одесса (Украина)','https://www.facebook.com/groups/397961974069968/',NULL,NULL,56,2),(3350,'? Доска объявлений ВСЯ УКРАИНА, ВСЯ ВОСТОЧНАЯ УКРАИНА, Покровск','https://www.facebook.com/groups/UABarakholka/',NULL,NULL,56,2),(3351,'Доска объявлений Путивля','https://www.facebook.com/groups/1017200635049384/',NULL,NULL,56,2),(3352,'Бессарабская доска объявлений','https://www.facebook.com/groups/217040932724307/',NULL,NULL,56,2),(3353,'Доска объявлений Pulsuz Elanlar Бесплатные Объявления','https://www.facebook.com/groups/465524526948176/',NULL,NULL,56,2),(3354,'Доска объявлений города Ашкелон','https://www.facebook.com/groups/100148610341310/',NULL,NULL,56,2),(3355,'хайфа доска  объявлений','https://www.facebook.com/groups/151115425606456/',NULL,NULL,56,2),(3356,'Доска объявлений помощь другу друг','https://www.facebook.com/groups/233655620156333/',NULL,NULL,56,2),(3357,'Комиссионка Одесса','https://www.facebook.com/groups/2889748794388662/',NULL,NULL,56,1),(3358,'Вилково. Доска объявлений.','https://www.facebook.com/groups/141178433088800/',NULL,NULL,56,2),(3359,'Доска объявлений Одесса, Одесская область','https://www.facebook.com/groups/277944297777268/',NULL,NULL,56,2),(3360,'Доска объявлений Израиля','https://www.facebook.com/groups/israelboard/',NULL,NULL,56,2),(3361,'Доска объявлений Украины | БАРАХОЛКА ДЛЯ ВСЕХ','https://www.facebook.com/groups/174224936586891/',NULL,NULL,56,2),(3362,'Doska24 объявления Украина','https://www.facebook.com/groups/doska24.info/',NULL,NULL,56,2),(3363,'Продажи Украины, Киев, Одесса, Харьков, Львов, Черноморск, Черкасы','https://www.facebook.com/groups/250859338815101/',NULL,NULL,56,2),(3364,'Знаменские объявления','https://www.facebook.com/groups/znamo/',NULL,NULL,56,2),(3365,'Куплю.Продам.Подарую.Черновцы и вся Украина. безплатные обьявления для всех','https://www.facebook.com/groups/199052397842455/',NULL,NULL,56,2),(3366,'Барахолка Черноморск/Одесса и вся Украина','https://www.facebook.com/groups/1467179656687328/',NULL,NULL,56,2),(3367,'Группа «Барахолка Одесса, Украина.»','https://www.facebook.com/groups/2052463678341434/',NULL,NULL,56,2),(3368,'Аренда Одесса - длительно и посуточно квартиры, дома, комнаты','https://www.facebook.com/groups/Arendaodessa/',NULL,NULL,56,2),(3369,'Только Одесса. Недвижимость . Нерухомість Одеса. Real Estate Odessa Only','https://www.facebook.com/groups/tolkoodessa/',NULL,NULL,56,2),(3370,'Барахолка Одесса Украина','https://www.facebook.com/groups/baraholkaodessaukrainegroup/',NULL,NULL,56,1),(3371,'Килия INFORM (объявления и реклама)','https://www.facebook.com/groups/kikiya.inform.reklama/',NULL,NULL,56,2),(3372,'Работа Одесса','https://www.facebook.com/groups/Rabota.in.Odessa/',NULL,NULL,56,2),(3373,'Недвижимость Одесса: СРОЧНАЯ Продажа квартир и домов в Одессе','https://www.facebook.com/groups/real.estate.property.odessa/',NULL,NULL,56,2),(3374,'Купи-Продай в Праге доска бесплатных объявлений','https://www.facebook.com/groups/kupiprodajpraha/',NULL,NULL,56,2),(3375,'Доска объявлений в Германии','https://www.facebook.com/groups/anzeige.in.deutschland/',NULL,NULL,56,2),(3376,'?Барахолка Тель Авив - Доска объявлений','https://www.facebook.com/groups/BaraholkaTelAviv/',NULL,NULL,56,2),(3377,'Доска объявлений  в Норвегии','https://www.facebook.com/groups/1656671631153356/',NULL,NULL,56,2),(3378,'?Барахолка Холон - Доска объявлений','https://www.facebook.com/groups/BaraholkaHolon/',NULL,NULL,56,2),(3379,'Всі оголошення | Все объявления','https://www.facebook.com/groups/vsi.ogo/',NULL,NULL,56,2),(3380,'Бесплатные объявления Дубай ОАЭ','https://www.facebook.com/groups/1660510537517928/',NULL,NULL,56,2),(3381,'Доска объявлений. Голая Пристань','https://www.facebook.com/groups/129883347569715/',NULL,NULL,56,2),(3382,'?Барахолка Реховот - Доска объявлений','https://www.facebook.com/groups/BaraholkaRehovot/',NULL,NULL,56,2),(3383,'Буялык -доска обьявлений','https://www.facebook.com/groups/1669978706644683/',NULL,NULL,56,1),(3384,'Доска объявлений)помощь друг-другу!✅ Азербайджан.','https://www.facebook.com/groups/135519493181388/',NULL,NULL,56,2),(3385,'Украина ?Продам +25+40 за пост?Куплю Бесплатно?Доска объявлений?','https://www.facebook.com/groups/137862737087770/',NULL,NULL,56,2),(3386,'Доска объявлений Миролюбовка.','https://www.facebook.com/groups/259048095071597/',NULL,NULL,56,2),(3387,'Доска объявлений.','https://www.facebook.com/groups/1951180845134755/',NULL,NULL,56,2),(3388,'\"Наш базарчик\" - ЛЮБИМАЯ БАРАХОЛКА. Бесплатные объявления Украина.','https://www.facebook.com/groups/244539359932496/',NULL,NULL,56,2),(3389,'Доска обьявлений Беэр Шева.','https://www.facebook.com/groups/BeerSheba100/',NULL,NULL,56,2),(3390,'Барахолка Дубоссары - Доска объявлений','https://www.facebook.com/groups/220115555925885/',NULL,NULL,56,2),(3391,'Бесплатные объявления Александрия','https://www.facebook.com/groups/224655208953553/',NULL,NULL,56,2),(3392,'Даугавпилс доска объявлений','https://www.facebook.com/groups/Daugavpils24/',NULL,NULL,56,2),(3393,'Барахолка.IL - Израильская доска объявлений','https://www.facebook.com/groups/baraholka.israel/',NULL,NULL,56,2),(3394,'Недвижимость Одесса! Продам! Куплю!','https://www.facebook.com/groups/ecn.Odessa/',NULL,NULL,56,2),(3395,'Голосеево/GoloseevSKY/Демеевка/Доска объявлений/Київ/Киев/Kyiv','https://www.facebook.com/groups/1847911641920200/',NULL,NULL,56,2),(3396,'Даугавпилс - доска объявлений','https://www.facebook.com/groups/Daugavpils.Sludinajumu.Delis/',NULL,NULL,56,1),(3397,'Даугавпилс - новая доска объявлений','https://www.facebook.com/groups/381492595919089/',NULL,NULL,56,2),(3398,'Честные объявления + Продам \\куплю ( г. Запорожье)','https://www.facebook.com/groups/138959310050555/',NULL,NULL,56,2),(3399,'Доска объявлений.ТОЛЬКО ИЗРАИЛЬ','https://www.facebook.com/groups/819589934844250/',NULL,NULL,56,2),(3400,'Черновцы- Украина бесплатные объявления','https://www.facebook.com/groups/doskainfo/',NULL,NULL,56,2),(3401,'Нагария » Доска объявлений Израиля','https://www.facebook.com/groups/NahariyaBoard/',NULL,NULL,56,2),(3402,'Штутгартская доска объявлений','https://www.facebook.com/groups/244857130104487/',NULL,NULL,56,2),(3403,'NEW Доска объявлений Жёлтые воды (@)','https://www.facebook.com/groups/645609119210342/',NULL,NULL,56,2),(3404,'Доска обьявлений Хайфа-Крает.','https://www.facebook.com/groups/872105856858789/',NULL,NULL,56,2),(3405,'Доска бесплатных объявлений -Б/У и НОВЫХ товаров','https://www.facebook.com/groups/675124409586286/',NULL,NULL,56,2),(3406,'Доска объявлений Конотопа','https://www.facebook.com/groups/128717797816022/',NULL,NULL,56,2),(3407,'Север »  Доска объявлений Израиля','https://www.facebook.com/groups/Northofisrael/',NULL,NULL,56,2),(3408,'Бесплатные объявления. г. Павлоград','https://www.facebook.com/groups/322472688274028/',NULL,NULL,56,2),(3409,'Новоукраинка доска обявлений Кировоградськой обл.','https://www.facebook.com/groups/141120143312621/',NULL,NULL,56,1),(3410,'Тель-Авив » Доска объявлений Израиля','https://www.facebook.com/groups/TelAvivBoard/',NULL,NULL,56,2),(3411,'Бесплатные объявления СНГ','https://www.facebook.com/groups/115658738927394/',NULL,NULL,56,2),(3412,'Доска объявлений. Реклама. Киев. Украина.','https://www.facebook.com/groups/234469477020078/',NULL,NULL,56,2),(3413,'Доска рекламных  объявлений','https://www.facebook.com/groups/reklamma.ot.yurika/',NULL,NULL,56,2),(3414,'Объявления Черноморск/Киев/Одесса/Днепр/Запорожье/Львов/Николаев/Чернигов','https://www.facebook.com/groups/1247388245325303/',NULL,NULL,56,2),(3415,'Доска объявлений Кропивницкий.Барахолка','https://www.facebook.com/groups/278546695913505/',NULL,NULL,56,2),(3416,'Прага. Чехия. Работа. Жильё. Доска объявлений!!! ☑️','https://www.facebook.com/groups/mojapraha/',NULL,NULL,56,2),(3417,'Барахолка Одесса','https://www.facebook.com/groups/302681946909400/',NULL,NULL,56,NULL),(3418,'Solomenka.kiev.reklama (Реклама Соломенки - Доска объявлений)','https://www.facebook.com/groups/solomenka.kiev.reklama/',NULL,NULL,56,NULL),(3419,'?Барахолка Арад - Доска объявлений','https://www.facebook.com/groups/BaraholkaArad/',NULL,NULL,56,NULL),(3420,'Доска объявлений Petah Tikva','https://www.facebook.com/groups/1050223571671123/',NULL,NULL,56,NULL),(3421,'Бесплатные объявления. Купим, Продадим всё что угодно, Услуги. Ташкент','https://www.facebook.com/groups/179804586058375/',NULL,NULL,56,NULL),(3422,'Моя Одесса','https://www.facebook.com/groups/moyaodessa/',NULL,NULL,56,NULL),(3423,'Барахолка?Черноморск?Одесса?','https://www.facebook.com/groups/524414988010696/',NULL,NULL,56,NULL),(3424,'Нешер » Доска объявлений Израиля','https://www.facebook.com/groups/NesherBoard/',NULL,NULL,56,NULL),(3425,'Доска объявлений Украины','https://www.facebook.com/groups/304726033415631/',NULL,NULL,56,NULL),(3426,'Доска объявлений','https://www.facebook.com/groups/156592731217117/',NULL,NULL,56,NULL),(3427,'Доска объявлений в Бахмуте-Артемовск','https://www.facebook.com/groups/274310116695993/',NULL,NULL,56,NULL),(3428,'Бесплатная объявления Украины. новое и б/у. куплю продам, приму в дар!','https://www.facebook.com/groups/252951281918581/',NULL,NULL,56,NULL),(3429,'Продам, обменяю или отдам вещи Одесса','https://www.facebook.com/groups/261860924371796/',NULL,NULL,56,NULL),(3430,'Киев - объявления / работа /туризм/ недвижимость / стройка / купля-продажа/','https://www.facebook.com/groups/307815110011169/',NULL,NULL,56,NULL),(3431,'Попільня безкоштовні оголошення Попельня бесплатные объявления','https://www.facebook.com/groups/popilnya/',NULL,NULL,56,NULL),(3432,'VIP Недвижимость Одесса!','https://www.facebook.com/groups/VIP.Odessa/',NULL,NULL,56,NULL),(3433,'Доска объявлений Олешки','https://www.facebook.com/groups/345313399638822/',NULL,NULL,56,NULL),(3434,'Бесплатные объявления - Addnew.Biz','https://www.facebook.com/groups/338705287117458/',NULL,NULL,56,NULL),(3435,'Доска объявлений Афула - לוח מודעות בעיר עפולה','https://www.facebook.com/groups/124101331643910/',NULL,NULL,56,NULL),(3436,'бесплатные объявления Кушугум, Балабино, Малоекатериновка','https://www.facebook.com/groups/217374049689133/',NULL,NULL,56,NULL),(3437,'Недвижимость Суворовский Одесса','https://www.facebook.com/groups/136730016935743/',NULL,NULL,56,NULL),(3438,'Недвижимость. Квартиры в новостроях. Одесса','https://www.facebook.com/groups/optimus.home/',NULL,NULL,56,NULL),(3439,'Доска обьявлений','https://www.facebook.com/groups/226325691194124/',NULL,NULL,56,NULL),(3440,'Доска объявлений. Купить, продать или обменять','https://www.facebook.com/groups/214484469813486/',NULL,NULL,56,NULL),(3441,'Херсон и область-Доска Объявлений','https://www.facebook.com/groups/149127847097641/',NULL,NULL,55,NULL),(3442,'Объявления Услуги Товары Херсон','https://www.facebook.com/groups/obyvlenia.ks/',NULL,NULL,55,NULL),(3443,'Бесплатные объявления Херсон.','https://www.facebook.com/groups/335624784675561/',NULL,NULL,55,NULL),(3444,'Купи, продай Херсонская область','https://www.facebook.com/groups/543587360773424/',NULL,NULL,55,NULL),(3445,'Херсон - Бесплатные объявления','https://www.facebook.com/groups/238269267406485/',NULL,NULL,55,NULL),(3446,'Объявления Херсон и область. Купи - Продай.','https://www.facebook.com/groups/obyavlene/',NULL,NULL,55,NULL),(3447,'бесплатные объявления Херсон','https://www.facebook.com/groups/3398234390284122/',NULL,NULL,55,NULL),(3448,'Херсон доска обьявлений','https://www.facebook.com/groups/2195910330666828/',NULL,NULL,55,NULL),(3449,'Бесплатные объявления Херсон Купить-продать Барахолка Онлайн рынок Услуги','https://www.facebook.com/groups/obyavleniya.herson/',NULL,NULL,55,NULL),(3450,'доска обьявлений херсон','https://www.facebook.com/groups/1260316968103239/',NULL,NULL,55,NULL),(3451,'Купля-продажа Авто Херсонская обл.','https://www.facebook.com/groups/359014745727896/',NULL,NULL,55,NULL),(3452,'Херсон днем и ночью','https://www.facebook.com/groups/507451670234639/',NULL,NULL,55,NULL),(3453,'Доска обьявлений Херсон-работа ,продажи','https://www.facebook.com/groups/199832730610154/',NULL,NULL,55,NULL),(3454,'Рынок Online Херсон','https://www.facebook.com/groups/567341444128316/',NULL,NULL,55,NULL),(3455,'Купи-Продай ( Херсон )','https://www.facebook.com/groups/199043897521101/',NULL,NULL,55,NULL),(3456,'Робота в Херсоні','https://www.facebook.com/groups/rabotaVkhersone/',NULL,NULL,55,NULL),(3457,'Блошиный рынок. Херсон. Херсонская область','https://www.facebook.com/groups/529001030974155/',NULL,NULL,55,NULL),(3458,'Рынок онлайн Херсон','https://www.facebook.com/groups/237499747429101/',NULL,NULL,55,NULL),(3459,'Хуевый Херсон','https://www.facebook.com/groups/701124156917569/',NULL,NULL,55,NULL),(3460,'КУПЛЮ-ПРОДАМ Херсон, Голая Пристань, Олешки, Скадовск','https://www.facebook.com/groups/566650293986940/',NULL,NULL,55,NULL),(3461,'Барахолка Днепр, ваши объявления','https://www.facebook.com/groups/1062317097472691/',NULL,NULL,55,NULL),(3462,'Херсон. Различные услуги.','https://www.facebook.com/groups/2058276347518256/',NULL,NULL,55,NULL),(3463,'Доска бесплатных объявлений пгт.Ивановка Генический р-н Херсонская обл.','https://www.facebook.com/groups/1643341109332189/',NULL,NULL,55,NULL),(3464,'Барахолка Херсон ???','https://www.facebook.com/groups/3217264645222822/',NULL,NULL,55,NULL),(3465,'Рынок Каховка - Херсон ✅ Крым Олешки Таврийск Маячка Копани Ялта tdkahovka','https://www.facebook.com/groups/torgii/',NULL,NULL,55,NULL),(3466,'Херсон и херсонцы! Новости города.','https://www.facebook.com/groups/711402102645026/',NULL,NULL,55,NULL),(3467,'Херсон и окрестности: новости круглосуточно 2.0','https://www.facebook.com/groups/240718891189424/',NULL,NULL,55,NULL),(3468,'Транспорт Херсона','https://www.facebook.com/groups/kstrans/',NULL,NULL,55,NULL),(3469,'??БАРАХОЛКА??Херсон,Каховка,Николаев, Одесса и вся УКРАИНА','https://www.facebook.com/groups/372640623227316/',NULL,NULL,55,NULL),(3470,'Работа Херсон','https://www.facebook.com/groups/2343135912434081/',NULL,NULL,55,NULL),(3471,'Херсон_Ок','https://www.facebook.com/groups/191274265453358/',NULL,NULL,55,NULL),(3472,'Купи_Продай Херсон, Олешки, Гопры, Бехтеры.','https://www.facebook.com/groups/749940782441878/',NULL,NULL,55,NULL),(3473,'Объявления: Херсон, Большие Копани, Крым','https://www.facebook.com/groups/robotatut/',NULL,NULL,55,NULL),(3474,'Херсон Остров','https://www.facebook.com/groups/671189867378973/',NULL,NULL,55,NULL),(3475,'Херсон и окрестности(Зеленовка ,маленький рай.)','https://www.facebook.com/groups/244468157023652/',NULL,NULL,55,NULL),(3476,'Не типичный Херсон','https://www.facebook.com/groups/1490296684454957/',NULL,NULL,55,NULL),(3477,'Херсон днём и ночью','https://www.facebook.com/groups/244372043815728/',NULL,NULL,55,NULL),(3478,'Херсон Newscity','https://www.facebook.com/groups/Kherson.Newscity/',NULL,NULL,55,NULL),(3479,'Работа| Объявления| Бизнес| Киев| Одесса| Харьков| Днепр| Херсон| Николаев','https://www.facebook.com/groups/1592704874114448/',NULL,NULL,55,NULL),(3480,'Херсон Таврический','https://www.facebook.com/groups/3239100666196513/',NULL,NULL,55,NULL),(3481,'Херсон_обмен_помощь','https://www.facebook.com/groups/1134931667256989/',NULL,NULL,55,NULL),(3482,'Из рук в руки Херсон','https://www.facebook.com/groups/irr.ua/',NULL,NULL,55,NULL),(3483,'Херсон','https://www.facebook.com/groups/kherson.ukraine/',NULL,NULL,55,NULL),(3484,'Ринок Шуменський (Херсон)','https://www.facebook.com/groups/1059949444376421/',NULL,NULL,55,NULL),(3485,'Старий Херсон','https://www.facebook.com/groups/oldkherson/',NULL,NULL,55,NULL),(3486,'Херсон Позитив','https://www.facebook.com/groups/899339980910236/',NULL,NULL,55,NULL),(3487,'Даугавпилс - доска объявлений','https://www.facebook.com/groups/418106458372454/',NULL,NULL,55,NULL),(3488,'Ришон ле Цион - Доска полезных объявлений- ADS board Rishon LeZion - ישראל','https://www.facebook.com/groups/817787389589754/',NULL,NULL,55,NULL),(3489,'Усатые потеряшки Херсон','https://www.facebook.com/groups/1660782977356334/',NULL,NULL,55,NULL),(3490,'\"Бюро Находок\" Николаев Одесса Херсон [инфо]','https://www.facebook.com/groups/467997113552128/',NULL,NULL,55,NULL),(3491,'Херсон Музичний','https://www.facebook.com/groups/142773733025298/',NULL,NULL,55,NULL),(3492,'Текстильний мікрорайон. Херсон ??','https://www.facebook.com/groups/759419014886288/',NULL,NULL,55,NULL),(3493,'Хорошие новости Херсона','https://www.facebook.com/groups/452107182091174/',NULL,NULL,55,NULL),(3494,'Недвижимость в Чехии: Теплице, Билина, Мост, и др. Доска объявлений','https://www.facebook.com/groups/maralina.doska/',NULL,NULL,55,NULL),(3495,'Доска объявлений Херсон','https://www.facebook.com/groups/147971662432360/',NULL,NULL,55,NULL),(3496,'Доска объявлений| Херсон| Реклама| Работа','https://www.facebook.com/groups/357024238047306/',NULL,NULL,55,NULL),(3497,'Доска объявлений: Великие Копани и вся Херсонская область','https://www.facebook.com/groups/prodamikuplyuvk/',NULL,NULL,55,NULL),(3498,'Нью-Йорк Новости Реклама Бесплатные объявления Купи Продай Доска объявлений','https://www.facebook.com/groups/1012956305896557/',NULL,NULL,54,NULL),(3499,'Доска объявлений. \"Продавайка. Украина\"','https://www.facebook.com/groups/prodavaika.ukr/',NULL,NULL,54,NULL),(3500,'Вроцлав:доска объявлений по-русски / дошка оголошень Українською','https://www.facebook.com/groups/291496745023020/',NULL,NULL,54,NULL),(3501,'Ашдод  доска объявлений','https://www.facebook.com/groups/1937391069844144/',NULL,NULL,54,NULL),(3502,'Доска объявлений в Чехии','https://www.facebook.com/groups/doska.objavlenij/',NULL,NULL,54,NULL),(3503,'Ноф а-Галиль (Нацерет - Иллит) » Доска объявлений Израиля','https://www.facebook.com/groups/nazareth.illit.ru/',NULL,NULL,54,NULL),(3504,'НЮРНБЕРГ доска обьявлений','https://www.facebook.com/groups/2430054427250110/',NULL,NULL,54,NULL),(3505,'Бельцы.Доска обьявлений.','https://www.facebook.com/groups/749798281853407/',NULL,NULL,54,NULL),(3506,'Доска обьявлений Староверовка!','https://www.facebook.com/groups/1189679451470281/',NULL,NULL,54,NULL),(3507,'Доска объявлений Абхазии Ab-Baza.ru','https://www.facebook.com/groups/abbaza/',NULL,NULL,54,NULL),(3508,'Доска объявлений в Швейцарии','https://www.facebook.com/groups/335343196562691/',NULL,NULL,54,NULL),(3509,'Доска объявлений в Квебек (Quebec)','https://www.facebook.com/groups/599528071459352/',NULL,NULL,54,NULL),(3510,'Доска обьявлений☆Барселона(Испания)','https://www.facebook.com/groups/tablonspain/',NULL,NULL,54,NULL),(3511,'Avito-Аlanya. Доска объявлений в Аланье','https://www.facebook.com/groups/1872196942816555/',NULL,NULL,54,NULL),(3512,'РУССКИЙ ПАРИЖ : Доска объявлений','https://www.facebook.com/groups/1613031775781277/',NULL,NULL,54,NULL),(3513,'Доска объявлений Ирландии','https://www.facebook.com/groups/avito.ie/',NULL,NULL,54,NULL),(3514,'Доска объявлений ??Геней Авив, Рамле Лод  Ришон  -Бат ям Петах тиква','https://www.facebook.com/groups/914683842417476/',NULL,NULL,54,NULL),(3515,'Жизнь и работа в Чехии. Доска объявлений, вопросы и ответы, обмен опытом.','https://www.facebook.com/groups/1050844632435384/',NULL,NULL,54,NULL),(3516,'Грузия - Доска объявлений','https://www.facebook.com/groups/1390374511108707/',NULL,NULL,54,NULL),(3517,'Винница Доска объявлений (Дошка оголошень)- Винницкая Визитка','https://www.facebook.com/groups/vinvizdoskaobyavlenii/',NULL,NULL,54,NULL),(3518,'Барахолка Кременчуг | Доска объявлений','https://www.facebook.com/groups/barahol/',NULL,NULL,54,NULL),(3519,'Доска объявлений | Алматы / Барахолка / Бесплатные объявления','https://www.facebook.com/groups/KazAds/',NULL,NULL,53,NULL),(3520,'Доска объявлений Запорожье Украина','https://www.facebook.com/groups/1348034302231221/',NULL,NULL,53,NULL),(3521,'Бесплатная доска объявлений Родинское Покровск Мирноград','https://www.facebook.com/groups/522028588443071/',NULL,NULL,53,NULL),(3522,'доска бесплатных  объявлений','https://www.facebook.com/groups/2457343790960377/',NULL,NULL,53,NULL),(3523,'Доска бесплатных объявлений в Днепре.','https://www.facebook.com/groups/708317126196167/',NULL,NULL,53,NULL),(3524,'Андреевка (Бердянский р-н) Доска объявлений','https://www.facebook.com/groups/806647166353413/',NULL,NULL,53,NULL),(3525,'Доска бесплатных объявлений/ Краков','https://www.facebook.com/groups/359626221964710/',NULL,NULL,53,NULL),(3526,'Мирноград Покровск Родинское. Работа. Жильё. Доска бесплатных объявлений.','https://www.facebook.com/groups/788331081348003/',NULL,NULL,53,NULL),(3527,'Бесплатная доска объявлений','https://www.facebook.com/groups/besplatka20/',NULL,NULL,53,NULL),(3528,'Объявление Гданьск(доска объявлений)','https://www.facebook.com/groups/820655731395142/',NULL,NULL,53,NULL),(3529,'Матвеевка. Доска объявлений','https://www.facebook.com/groups/303518784528852/',NULL,NULL,53,NULL),(3530,'Доска объявлений.  Олешки','https://www.facebook.com/groups/544733169225230/',NULL,NULL,53,NULL),(3531,'Все объявления Алматы. Доска объявлений. Вакансии, Услуги, Товары, Реклама.','https://www.facebook.com/groups/572402709605548/',NULL,NULL,53,NULL),(3532,'Барахолка Днепр доска объявлений Украина куплю продам услуги объявления','https://www.facebook.com/groups/mitrade1/',NULL,NULL,53,NULL),(3533,'Объявления Израиль. Доска объявлений. Барахолка. Куплю-Продам','https://www.facebook.com/groups/494409670958540/',NULL,NULL,53,NULL),(3534,'Доска бесплатных объявлений','https://www.facebook.com/groups/982493775665854/',NULL,NULL,53,NULL),(3535,'Доска бесплатных объявлений в Одесской области','https://www.facebook.com/groups/775526203842012/',NULL,NULL,53,NULL),(3536,'Хайфа - Доска объявлений','https://www.facebook.com/groups/myHaifa/',NULL,NULL,53,NULL),(3537,'Верховцево | Доска объявлений','https://www.facebook.com/groups/2119896861627294/',NULL,NULL,53,NULL),(3538,'Измаил Барахолка. Доска объявлений☑','https://www.facebook.com/groups/izmailobyavleniy/',NULL,NULL,53,NULL),(3539,'Los Angeles доска объявлений','https://www.facebook.com/groups/la111/',NULL,NULL,53,NULL),(3540,'Висагинас - Доска объявлений','https://www.facebook.com/groups/VISAGA.LT/',NULL,NULL,53,NULL),(3541,'Магдалиновка. Доска объявлений.','https://www.facebook.com/groups/386341755092778/',NULL,NULL,53,NULL),(3542,'NETWORK | Доска объявлений','https://www.facebook.com/groups/networkforall/',NULL,NULL,53,NULL),(3543,'Доска объявлений Гагаузии','https://www.facebook.com/groups/gagauzreklam/',NULL,NULL,53,NULL),(3544,'Доска объявлений в городе Обь | Барахолка','https://www.facebook.com/groups/112848579303910/',NULL,NULL,53,NULL),(3545,'Доска объявлений Харьковской области','https://www.facebook.com/groups/obyavleniyavolchansk/',NULL,NULL,53,NULL),(3546,'Доска бесплатных объявлений: Весь мир | DARAD','https://www.facebook.com/groups/218974142958624/',NULL,NULL,53,NULL),(3547,'Доска бесплатных объявлений Майами / Miami','https://www.facebook.com/groups/802339673139879/',NULL,NULL,53,NULL),(3548,'Запорожье доска объявлений','https://www.facebook.com/groups/451004042165997/',NULL,NULL,53,NULL),(3549,'Алматы Астана Объявления. Доска объявлений Казахстан. Вакансии, Услуги','https://www.facebook.com/groups/943338565721987/',NULL,NULL,53,NULL),(3550,'Запорожская доска объявлений','https://www.facebook.com/groups/zdo.zp.ua/',NULL,NULL,53,NULL),(3551,'Доска объявлений. Олешки.','https://www.facebook.com/groups/433883964198176/',NULL,NULL,53,NULL),(3552,'ОАЭ | Доска бесплатных объявлений','https://www.facebook.com/groups/uaeclassified/',NULL,NULL,53,NULL),(3553,'Доска объявлений Черновцы Украина. Ищу. Предлагаю. Куплю. Продам. Сдам. Сни','https://www.facebook.com/groups/1323882187737290/',NULL,NULL,53,NULL),(3554,'Доска бесплатных объявлений','https://www.facebook.com/groups/483863509000093/',NULL,NULL,53,NULL),(3555,'?Барахолка Димона - Доска объявлений','https://www.facebook.com/groups/BaraholkaDimona/',NULL,NULL,53,NULL),(3556,'Доска объявлений','https://www.facebook.com/groups/467722327586169/',NULL,NULL,53,NULL),(3557,'Доска объявлений Запорожье','https://www.facebook.com/groups/1995293344022919/',NULL,NULL,53,NULL),(3558,'ЕРЕВАН - Доска объявлений','https://www.facebook.com/groups/641615643567300/',NULL,NULL,53,NULL),(3559,'Доска объявлений БУДАПЕШТ // Куплю | Продам | Ищу | Отдам','https://www.facebook.com/groups/BudapestBulletinBoard/',NULL,NULL,53,NULL),(3560,'Нетания Доска бесплатных объявлений','https://www.facebook.com/groups/1181923921909900/',NULL,NULL,53,NULL),(3561,'Доска рекламных объявлений','https://www.facebook.com/groups/212814052490399/',NULL,NULL,53,NULL),(3562,'Алматы / Доска объявлений/ Купи-продай. Реклама в Казахстане. Товары,Услуги','https://www.facebook.com/groups/1709749072647517/',NULL,NULL,53,NULL),(3563,'Чхонджу: \"Доска объявлений\" (청주시)','https://www.facebook.com/groups/421133514968232/',NULL,NULL,53,NULL),(3564,'Доска объявлений Желтые Воды','https://www.facebook.com/groups/412557429362173/',NULL,NULL,53,NULL),(3565,'Бали. Доска объявлений.','https://www.facebook.com/groups/380907592012927/',NULL,NULL,53,NULL),(3566,'Доска объявлений Израиль','https://www.facebook.com/groups/KupiProdaiRusIL/',NULL,NULL,53,NULL),(3567,'Доска объявлений Казахстана. Все города!','https://www.facebook.com/groups/1494691104192595/',NULL,NULL,53,NULL),(3568,'Доска объявлений в ОАЭ','https://www.facebook.com/groups/871192949681360/',NULL,NULL,53,NULL),(3569,'Доска объявлений Шарлотт. #WeStandForUkraine','https://www.facebook.com/groups/Milaartvoice/',NULL,NULL,53,NULL),(3570,'Доска объявлений Украины','https://www.facebook.com/groups/160769834674503/',NULL,NULL,53,NULL),(3571,'Доска объявлений и новостей  Приморское','https://www.facebook.com/groups/432030454090657/',NULL,NULL,53,NULL),(3572,'Доска объявлений Петропавловск','https://www.facebook.com/groups/134514463826219/',NULL,NULL,53,NULL),(3573,'Доска объявлений.ВАЛЕНСИЯ','https://www.facebook.com/groups/835966297197117/',NULL,NULL,53,NULL),(3574,'Доска объявлений','https://www.facebook.com/groups/115614972254324/',NULL,NULL,53,NULL),(3575,'Доска объявлений Днепр','https://www.facebook.com/groups/260104296235311/',NULL,NULL,53,NULL),(3576,'Объявления и Реклама в Алматы. Доска объявлений Казахстан.','https://www.facebook.com/groups/199853870748395/',NULL,NULL,53,NULL),(3577,'Израильская доска бесплатных объявлений','https://www.facebook.com/groups/info123456/',NULL,NULL,53,NULL),(3578,'Доска объявлений Запорожье Украина / Куплю / Продам / Отдам','https://www.facebook.com/groups/307191114744646/',NULL,NULL,53,NULL),(3579,'ЛИТВА и вся ПРИБАЛТИКА ! доска бесплатных объявлений/работа/услуги/реклама','https://www.facebook.com/groups/1499177200373717/',NULL,NULL,53,NULL),(3580,'Доска объявлений и предложений . Аугзбург. Werbung, An-Verkauf?','https://www.facebook.com/groups/782775419015815/',NULL,NULL,53,NULL),(3581,'Доска объявлений \"Украина\".','https://www.facebook.com/groups/509784893203708/',NULL,NULL,53,NULL),(3582,'Реклама в Казахстане. Доска объявлений Казахстан. Вакансии, Услуги, Товары','https://www.facebook.com/groups/1476511012670345/',NULL,NULL,53,NULL),(3583,'\"Мир продаж\" Днепр и обл !!! Доска бесплатных объявлений','https://www.facebook.com/groups/849041505857797/',NULL,NULL,53,NULL),(3584,'Русская доска объявлений в Майами','https://www.facebook.com/groups/454315644761496/',NULL,NULL,53,NULL),(3585,'Доска объявлений «Новосибирск» - куплю, продам, недвижимость, работа','https://www.facebook.com/groups/876215535788474/',NULL,NULL,53,NULL),(3586,'Доска объявлений Челябинск','https://www.facebook.com/groups/107057326778711/',NULL,NULL,53,NULL),(3587,'Доска частных объявлений Израиль','https://www.facebook.com/groups/1556774927968584/',NULL,NULL,53,NULL),(3588,'Доска объявлений Азербайджан) Поможем друг другу.','https://www.facebook.com/groups/1605262942867073/',NULL,NULL,53,NULL),(3589,'Алматы: доска бесплатных объявлений','https://www.facebook.com/groups/1623128697955346/',NULL,NULL,53,NULL),(3590,'Доска объявлений Марганец','https://www.facebook.com/groups/1923622931217405/',NULL,NULL,53,NULL),(3591,'Доска объявлений Розовка','https://www.facebook.com/groups/216610366073923/',NULL,NULL,53,NULL),(3592,'Ашкелон  доска объявлений','https://www.facebook.com/groups/139257533420072/',NULL,NULL,53,NULL),(3593,'Алматы-Жарнама. Доска объявлений. Вакансии, Услуги, Товары, Реклама.','https://www.facebook.com/groups/202438660101981/',NULL,NULL,53,NULL),(3594,'Барахолка вся Украина. Доска объявлений. Продажа и обмен','https://www.facebook.com/groups/prodazh/',NULL,NULL,53,NULL),(3595,'Казахстан объявления. Доска объявлений Казахстан. Вакансии, Услуги, Товары','https://www.facebook.com/groups/1492066321101301/',NULL,NULL,53,NULL),(3596,'Бесплатная реклама, доска объявлений.','https://www.facebook.com/groups/2944746409081468/',NULL,NULL,53,NULL),(3597,'Португалия - Доска объявлений','https://www.facebook.com/groups/doskaobyavleniivportugalii/',NULL,NULL,53,NULL),(3598,'Барахолка доска обьявлений','https://www.facebook.com/groups/BIT.BAZARI.N1/',NULL,NULL,53,NULL),(3599,'Москва - Барахолка - Доска объявлений','https://www.facebook.com/groups/MoscowBazar/',NULL,NULL,53,NULL),(3600,'Доска бесплатных объявлений','https://www.facebook.com/groups/doska/',NULL,NULL,53,NULL),(3601,'Объявления Алматы ! Лучшие! Доска объявлений Казахстан. Вакансии, Услуги','https://www.facebook.com/groups/493061574200937/',NULL,NULL,53,NULL),(3602,'Днепр и область. Доска объявлений.','https://www.facebook.com/groups/614317409827471/',NULL,NULL,53,NULL),(3603,'Доска объявлений Украина','https://www.facebook.com/groups/593583204648497/',NULL,NULL,53,NULL),(3604,'Доска объявлений и реклама в USA / Advertising in USA','https://www.facebook.com/groups/452398741565868/',NULL,NULL,53,NULL),(3605,'Новая Маячка ▪︎доска обьявлений ▪︎ обмен, продажа ▪︎','https://www.facebook.com/groups/854509104906945/',NULL,NULL,53,NULL),(3606,'Доска объявлений Тампа Сарасота  Флорида ??','https://www.facebook.com/groups/458228823144507/',NULL,NULL,53,NULL),(3607,'Доска объявлений в Лондоне - nahodka.uk','https://www.facebook.com/groups/obyavleniyavlondone/',NULL,NULL,53,NULL),(3608,'Доска объявлений. Пологи, Мариуполь, Волноваха, Бердянск.','https://www.facebook.com/groups/342490080138905/',NULL,NULL,53,NULL),(3609,'Доска обьявлений Бельгия работа услуги документы','https://www.facebook.com/groups/506006141500165/',NULL,NULL,53,NULL),(3610,'НЕДВИЖИМОСТЬ. доска объявлений','https://www.facebook.com/groups/bgproperty/',NULL,NULL,53,NULL),(3611,'Доска объявлений в Онтарио (Ontario)','https://www.facebook.com/groups/4458752300893793/',NULL,NULL,53,NULL),(3612,'Доска объявлений Весь Израиль ILadvert','https://www.facebook.com/groups/133264530676578/',NULL,NULL,53,NULL),(3613,'Доска объявлений в Альберта (Alberta)','https://www.facebook.com/groups/445506753696701/',NULL,NULL,53,NULL),(3614,'Доска объявлений (Продажа) на Лазурном берегу - Канны, Ницца, Монако...','https://www.facebook.com/groups/789138611745457/',NULL,NULL,53,NULL),(3615,'Miami | Майами - Доска объявлений','https://www.facebook.com/groups/718191138279085/',NULL,NULL,53,NULL),(3616,'Анталия доска объявлений','https://www.facebook.com/groups/386595680253398/',NULL,NULL,53,NULL),(3617,'Доска объявлений Италия','https://www.facebook.com/groups/3406874329440893/',NULL,NULL,53,NULL),(3618,'Доска объявлений Приморск.','https://www.facebook.com/groups/368176797398226/',NULL,NULL,53,NULL),(3619,'Доска бесплатных объявлений. работа. куплю. продам. отдам даром.','https://www.facebook.com/groups/magorodilova/',NULL,NULL,53,NULL),(3620,'Доска объявлений Алма-ата','https://www.facebook.com/groups/1649153248690203/',NULL,NULL,53,NULL),(3621,'Доска объявлений. Реклама. Бизнес в сети.','https://www.facebook.com/groups/126522837765430/',NULL,NULL,53,NULL),(3622,'Доска объявлений Путивль','https://www.facebook.com/groups/1819465874929165/',NULL,NULL,53,NULL),(3623,'?Барахолка Иерусалим - Доска объявлений','https://www.facebook.com/groups/Baraholka.Jerusalim/',NULL,NULL,53,NULL),(3624,'Бесплатно всегда. Доска бесплатных объявлений ДНЕПР','https://www.facebook.com/groups/215148840108628/',NULL,NULL,53,NULL),(3625,'Доска объявлений Усть Каменогорск','https://www.facebook.com/groups/158022891645373/',NULL,NULL,53,NULL),(3626,'Лод. Ганей-Авив. Доска рекламных объявлений.','https://www.facebook.com/groups/132805990771327/',NULL,NULL,53,NULL),(3627,'Лод. Ганей-Авив. Доска рекламных объявлений.','https://www.facebook.com/groups/132805990771327/',NULL,NULL,53,NULL),(3628,'Доска объявлений для жителей Греции','https://www.facebook.com/groups/addboardgreece/',NULL,NULL,53,NULL),(3629,'Доска объявлений Украина','https://www.facebook.com/groups/584374773707571/',NULL,NULL,53,NULL),(3630,'Доска объявлений Уральск','https://www.facebook.com/groups/116795112363911/',NULL,NULL,53,NULL),(3631,'Открытая доска объявлений. Рыболовные и туристческие  товары','https://www.facebook.com/groups/332222667234283/',NULL,NULL,53,NULL),(3632,'Реклама в Алматы. Доска объявлений Казахстан. Вакансии, Услуги, Товары','https://www.facebook.com/groups/1000700953361035/',NULL,NULL,53,NULL),(3633,'доска объявлений ) помощь ? друг - другу Азербайджан','https://www.facebook.com/groups/109125173082287/',NULL,NULL,53,NULL),(3634,'АСТАНА реклама в Нур-Султане. Доска объявлений. Вакансии, Услуги, Товары','https://www.facebook.com/groups/1746321108916717/',NULL,NULL,53,NULL),(3635,'Доска бесплатных объявлений для русскоговорящих в Болгарии','https://www.facebook.com/groups/1624261867904182/',NULL,NULL,53,NULL),(3636,'Интернет реклама в Казахстане. Доска объявлений Казахстан. Вакансии.','https://www.facebook.com/groups/477378355775872/',NULL,NULL,53,NULL),(3637,'Работа Польша?Доска объявлений? Польша для своих','https://www.facebook.com/groups/1628337197504791/',NULL,NULL,53,NULL),(3638,'Доска объявлений (Работа) на Лазурном берегу - Канны, Ницца, Монако...','https://www.facebook.com/groups/938983993542881/',NULL,NULL,53,NULL),(3639,'Доска объявлений Астана','https://www.facebook.com/groups/870338553087365/',NULL,NULL,53,NULL),(3640,'\"Мир продаж\" Харьков и обл !!! Доска бесплатных объявлений','https://www.facebook.com/groups/300385187664660/',NULL,NULL,53,NULL),(3641,'Работа в Чехии. Доска объявлений.','https://www.facebook.com/groups/304784084202365/',NULL,NULL,53,NULL),(3642,'Доска объявлений России . Работа, вакансии . Куплю - продам . Реклама .','https://www.facebook.com/groups/977444602672680/',NULL,NULL,53,NULL),(3643,'Доска объявлений Майами, работа в Майами, русское Майами, реклама услуг','https://www.facebook.com/groups/912574548952029/',NULL,NULL,53,NULL),(3644,'Турция Алания Махмутлар доска объявлений продажа аренда квартир','https://www.facebook.com/groups/1560216457634477/',NULL,NULL,53,NULL),(3645,'Доска объявлений.il','https://www.facebook.com/groups/2400494290226284/',NULL,NULL,53,NULL),(3646,'Анталия - Доска объявлений','https://www.facebook.com/groups/371081628180057/',NULL,NULL,53,NULL),(3647,'Афины Доска объявлений','https://www.facebook.com/groups/1905659346336353/',NULL,NULL,53,NULL),(3648,'Быдгощ -  доска объявлений 24/7','https://www.facebook.com/groups/377052400362690/',NULL,NULL,53,NULL),(3649,'Испания. Доска бесплатных объявлений Elcontacto.ru','https://www.facebook.com/groups/adsspain/',NULL,NULL,53,NULL),(3650,'Бесплатная доска объявлений и рекламы Израиле','https://www.facebook.com/groups/Segal1/',NULL,NULL,53,NULL),(3651,'Доска объявлений.Реклама о заработке.','https://www.facebook.com/groups/111462955994716/',NULL,NULL,53,NULL),(3652,'?Барахолка Ришон ле-Цион - Доска объявлений','https://www.facebook.com/groups/Baraholka.RishonLeZion/',NULL,NULL,53,NULL),(3653,'Бесплатная Доска объявлений , Барахолка Беларусь, Куплю, Продам','https://www.facebook.com/groups/1607676556192413/',NULL,NULL,53,NULL),(3654,'Доска бесплатных объявлений. работа. куплю. продам. отдам даром.','https://www.facebook.com/groups/magorodilova/',NULL,NULL,53,NULL),(3655,'Доска объявлений Алма-ата','https://www.facebook.com/groups/1649153248690203/',NULL,NULL,53,NULL),(3656,'Помогаем друг-другу(Доска объявлений)','https://www.facebook.com/groups/1416320538672424/',NULL,NULL,53,NULL),(3657,'МИР-ОБЪЯВЛЕНИЙ.РФ - доска бесплатных объявлений','https://www.facebook.com/groups/mirobrf/',NULL,NULL,53,NULL),(3658,'Доска объявлений (куплю/продам/подарю/обменяю)','https://www.facebook.com/groups/253681095121755/',NULL,NULL,53,NULL),(3659,'Объявления Алматы. Алматы Facebook. Доска объявлений Казахстан.','https://www.facebook.com/groups/476159339258478/',NULL,NULL,53,NULL),(3660,'?Барахолка Беер Шева - Доска объявлений','https://www.facebook.com/groups/baraholka.BeerSheva/',NULL,NULL,53,NULL),(3661,'Доска объявлений (Экспаты Батуми)','https://www.facebook.com/groups/513367469530632/',NULL,NULL,53,NULL),(3662,'Доска объявлений Усть Каменогорск','https://www.facebook.com/groups/158022891645373/',NULL,NULL,53,NULL),(3663,'Красноярская доска  объявлений','https://www.facebook.com/groups/154793981349149/',NULL,NULL,53,NULL),(3664,'SATU ALMATY. Доска объявлений Казахстан. Вакансии, Услуги, Товары, Реклама.','https://www.facebook.com/groups/1013748612065938/',NULL,NULL,53,NULL),(3665,'БЕЛАРУСЬ доска объявлений','https://www.facebook.com/groups/202180313604621/',NULL,NULL,53,NULL),(3666,'?Барахолка Офаким - Доска объявлений','https://www.facebook.com/groups/BaraholkaOfaqim/',NULL,NULL,53,NULL),(3667,'Доска объявлений на Facebook!','https://www.facebook.com/groups/gastroli/',NULL,NULL,53,NULL),(3668,'Доска объявлений - Sashaeas - Рекламируйте бесплатно ваши бизнес проекты зд','https://www.facebook.com/groups/1399507750329827/',NULL,NULL,53,NULL),(3669,'?Варшава, доска объявлений? Работа/Жильё | Продать/Купить | Сдать/Снять.','https://www.facebook.com/groups/workwawa/',NULL,NULL,53,NULL),(3670,'Бесплатная доска обьявлений','https://www.facebook.com/groups/399559647203115/',NULL,NULL,53,NULL),(3671,'Туркестанская область  Доска объявлений!!!','https://www.facebook.com/groups/1186132491534417/',NULL,NULL,53,NULL),(3672,'Доска объявлений','https://www.facebook.com/groups/671647883418891/',NULL,NULL,53,NULL),(3673,'Доска объявлений, Барахолка Актобе','https://www.facebook.com/groups/233978463631872/',NULL,NULL,53,NULL),(3674,'Доска объявлений Украины','https://www.facebook.com/groups/264155644120025/',NULL,NULL,53,NULL),(3675,'Русскоязычные всех стран ?? и Украина ?? в Чехии ? Доска объявлений','https://www.facebook.com/groups/359454502147869/',NULL,NULL,53,NULL),(3676,'Доска объявлений группы НепалИя','https://www.facebook.com/groups/231456171322068/',NULL,NULL,53,NULL),(3677,'Доска бесплатных объявлений','https://www.facebook.com/groups/104095953692979/',NULL,NULL,53,NULL),(3678,'Италия - Доска объявлений','https://www.facebook.com/groups/italiarus/',NULL,NULL,53,NULL),(3679,'Доска объявлений','https://www.facebook.com/groups/tvoiobyavleniya/',NULL,NULL,53,NULL),(3680,'доска объявлений новотроицку','https://www.facebook.com/groups/340123960786295/',NULL,NULL,53,NULL),(3681,'АЛИКАНТЕ___( бесплатная доска объявлений)','https://www.facebook.com/groups/2935197746744290/',NULL,NULL,53,NULL),(3682,'куплю продам доска объявлений  по ашдоду','https://www.facebook.com/groups/190529101460106/',NULL,NULL,53,NULL),(3683,'Доска объявлений | Реклама | Барахолка | Работа | Бизнес | Животные','https://www.facebook.com/groups/271850076762293/',NULL,NULL,53,NULL),(3684,'ФИЛАДЕЛЬФИЯ- Доска объявлений','https://www.facebook.com/groups/221313759107519/',NULL,NULL,53,NULL),(3685,'Доска объявлений Путивль','https://www.facebook.com/groups/1819465874929165/',NULL,NULL,53,NULL),(3686,'Рынок (Шымкент) - доска бесплатных объявлений!','https://www.facebook.com/groups/rinok.shymkenta/',NULL,NULL,53,NULL),(3687,'?Барахолка Петах-Тиква - Доска объявлений','https://www.facebook.com/groups/BaraholkaRusPetahTikva/',NULL,NULL,53,NULL),(3688,'Доска объявлений. Вся Украина. Бесплатно.','https://www.facebook.com/groups/145703046235739/',NULL,NULL,53,NULL),(3689,'Купить / продать. Доска бесплатных объявлений в Украине','https://www.facebook.com/groups/kuppit/',NULL,NULL,53,NULL),(3690,'Бесплатная доска объявлений Харькова','https://www.facebook.com/groups/obyavleniya.kharkov/',NULL,NULL,53,NULL),(3691,'Доска объявлений Власовка','https://www.facebook.com/groups/vlasovkaboard/',NULL,NULL,53,NULL),(3692,'Бесплатно всегда. Доска бесплатных объявлений ДНЕПР','https://www.facebook.com/groups/215148840108628/',NULL,NULL,53,NULL),(3693,'Доска объявлений Украина','https://www.facebook.com/groups/2136228076690619/',NULL,NULL,53,NULL),(3694,'Купи продай. Доска объявлений Казахстана','https://www.facebook.com/groups/1391502994479344/',NULL,NULL,53,NULL),(3695,'Куплю, продам. Тург. Доска объявлений. (Эстония) ⭐️','https://www.facebook.com/groups/turgostanmuun/',NULL,NULL,53,NULL),(3696,'Доска объявлений-это ваш помощник, район Лефортово, Москва','https://www.facebook.com/groups/lefortovoshop/',NULL,NULL,53,NULL),(3697,'Доска объявлений - Нови Сад','https://www.facebook.com/groups/1239203059941065/',NULL,NULL,53,NULL),(3698,'Доска объявлений,с.Павловка.','https://www.facebook.com/groups/126157742662308/',NULL,NULL,53,NULL),(3699,'межевская доска объявлений','https://www.facebook.com/groups/359654505318177/',NULL,NULL,53,NULL),(3700,'Доска объявлений в Азербайджане','https://www.facebook.com/groups/116783501853922/',NULL,NULL,53,NULL),(3701,'Дать объявление бесплатно | Доска бесплатных объявлений все виды услуг, гор','https://www.facebook.com/groups/nadom64.ru/',NULL,NULL,53,NULL),(3702,'Доска объявлений камыш-зоря бильмак','https://www.facebook.com/groups/350755705905998/',NULL,NULL,53,NULL),(3703,'Доска объявлений | ИЕРУСАЛИМ','https://www.facebook.com/groups/jerusalem.buy/',NULL,NULL,53,NULL),(3704,'Доска объявлений в Таиланде.','https://www.facebook.com/groups/698436393627219/',NULL,NULL,53,NULL),(3705,'Доска объявлений в Саскачеван (Saskatchewan)','https://www.facebook.com/groups/400170872133855/',NULL,NULL,53,NULL),(3706,'Работа Поморское. Доска объявлений !!!','https://www.facebook.com/groups/1138065070124395/',NULL,NULL,53,NULL),(3707,'Доска объявлений. Реклама. Бизнес.','https://www.facebook.com/groups/1394056700624926/',NULL,NULL,53,NULL),(3708,'Заработок в интернете/Доска объявлений. REKLAMA. BUSINESS.','https://www.facebook.com/groups/298574844269662/',NULL,NULL,53,NULL),(3709,'Доска объявлений. Штат Вашингтон.','https://www.facebook.com/groups/326369564897095/',NULL,NULL,53,NULL),(3710,'Бесплатная доска объявлений','https://www.facebook.com/groups/workinevrope/',NULL,NULL,53,NULL),(3711,'Доска объявлений МИЛАН и вся ИТАЛИЯ','https://www.facebook.com/groups/613802943074538/',NULL,NULL,53,NULL),(3712,'?Барахолка Хайфа - Доска объявлений','https://www.facebook.com/groups/BaraholkaHaifa/',NULL,NULL,53,NULL),(3713,'зачепиловка доска объявлений','https://www.facebook.com/groups/203926041570017/',NULL,NULL,53,NULL),(3714,'АШКЕЛОН-ИМ Доска объявлений','https://www.facebook.com/groups/149916475720260/',NULL,NULL,53,NULL),(3715,'Доска объявлений Баку','https://www.facebook.com/groups/FaberlicBakuArzuu/',NULL,NULL,53,NULL),(3716,'Доска объявлений - SeoDoska','https://www.facebook.com/groups/seodoska/',NULL,NULL,53,NULL),(3717,'Torguem.uz - Доска бесплатных объявлений Узбекистана','https://www.facebook.com/groups/torguemuzorginal/',NULL,NULL,53,NULL),(3718,'Бесплатная доска объявлений','https://www.facebook.com/groups/besplatnayadoskaobyavlenii/',NULL,NULL,53,NULL),(3719,'Бесплатная доска объявлений в городе Николаеве','https://www.facebook.com/groups/1806137252856025/',NULL,NULL,53,NULL),(3720,'Доска частных объявлений в городе Теплице ( Чехия )','https://www.facebook.com/groups/115024019160539/',NULL,NULL,53,NULL),(3721,'Доска объявлений','https://www.facebook.com/groups/365340053868936/',NULL,NULL,53,NULL),(3722,'Доска объявлений Англии (advertisement board UK)','https://www.facebook.com/groups/1654337751479195/',NULL,NULL,53,NULL),(3723,'Доска объявлений. Москва.','https://www.facebook.com/groups/150272565324209/',NULL,NULL,53,NULL),(3724,'Доска объявлений Сочи. Покупай дешево - продавай выгодно.','https://www.facebook.com/groups/saitdeshevo.ru/',NULL,NULL,53,NULL),(3725,'Доска объявлений','https://www.facebook.com/groups/179213192621327/',NULL,NULL,53,NULL),(3726,'Доска объявлений Караганды','https://www.facebook.com/groups/216267288777665/',NULL,NULL,53,NULL),(3727,'Барахолка Прага|Доска объявлений|Работа в Чехии','https://www.facebook.com/groups/alexander5444/',NULL,NULL,53,NULL),(3728,'Доска объявлений Тараз','https://www.facebook.com/groups/219757322122545/',NULL,NULL,53,NULL),(3729,'Доска объявлений Алматы и область','https://www.facebook.com/groups/413878458797708/',NULL,NULL,53,NULL),(3730,'Доска объявлений Атырау','https://www.facebook.com/groups/168953503545362/',NULL,NULL,53,NULL),(3731,'Алания, Махмутлар. Доска объявлений.','https://www.facebook.com/groups/399972763899745/',NULL,NULL,53,NULL),(3732,'Доска бесплатных объявлений в Казакстане, Узбекистане СНГ','https://www.facebook.com/groups/256250388338392/',NULL,NULL,53,NULL),(3733,'Центр » Доска объявлений Израиля','https://www.facebook.com/groups/CenterofIsrael/',NULL,NULL,53,NULL),(3734,'Поможем друг другу. Доска объявлений Франция Париж Ницца Канны Монако','https://www.facebook.com/groups/Niceazur/',NULL,NULL,53,NULL),(3735,'Radio Driver - доска объявлений!','https://www.facebook.com/groups/radiodriver/',NULL,NULL,53,NULL),(3736,'ТУРЦИЯ. НЕДВИЖИМОСТЬ. Доска объявлений','https://www.facebook.com/groups/868127423251828/',NULL,NULL,53,NULL),(3737,'Доска объявлений Работа для водителей СЕ в ЕU «Grasis consulting company»','https://www.facebook.com/groups/grasisconsultingcompany/',NULL,NULL,53,NULL),(3738,'Доска частных бесплатных объявлений doskaua.com.ua','https://www.facebook.com/groups/140761776492607/',NULL,NULL,53,NULL),(3739,'Доска объявлений Одесса-Черноморск ?⚓','https://www.facebook.com/groups/1775307669196704/',NULL,NULL,53,NULL),(3740,'Доска объявлений','https://www.facebook.com/groups/319074230133970/',NULL,NULL,53,NULL),(3741,'Гей Знакомства, доска объявлений - геи, би','https://www.facebook.com/groups/146511324096917/',NULL,NULL,53,NULL),(3742,'Доска объявлений Аликанте, Испания','https://www.facebook.com/groups/449053035293552/',NULL,NULL,53,NULL),(3743,'Барахолка Доска Объявлений Днепр ОЛХ','https://www.facebook.com/groups/374088303534820/',NULL,NULL,52,NULL),(3744,'Объявления Днепр','https://www.facebook.com/groups/ObyavleniaDnepr/',NULL,NULL,52,NULL),(3745,'Доска объявлений Днепропетровская область','https://www.facebook.com/groups/1053196668578834/',NULL,NULL,52,NULL),(3746,'Доска объявлений ❤Днепр ❤Павлоград ❤Терновка','https://www.facebook.com/groups/614907036160020/',NULL,NULL,52,NULL),(3747,'Днепр - доска объявлений 24/7','https://www.facebook.com/groups/602580168386750/',NULL,NULL,52,NULL),(3748,'Доска объявлений Днепр','https://www.facebook.com/groups/adsdnepr/',NULL,NULL,52,NULL),(3749,'Доска объявлений/Киев и область.','https://www.facebook.com/groups/1578267445636622/',NULL,NULL,51,NULL),(3750,'БЕСПЛАТНАЯ Доска Объявлений Реклама Бизнес Киев','https://www.facebook.com/groups/1157027264754300/',NULL,NULL,51,NULL),(3751,'КИЕВ || UA || Доска объявлений || УКРАИНА||','https://www.facebook.com/groups/fgasga/',NULL,NULL,51,NULL),(3752,'Каунас - доска объявлений 24/7','https://www.facebook.com/groups/948432169083787/',NULL,NULL,51,NULL),(3753,'Доска обьявлений г. Харьков и обл','https://www.facebook.com/groups/776503416211462/',NULL,NULL,50,NULL),(3754,'Я могу Харьков. Услуги. Товары..Доска объявлений.','https://www.facebook.com/groups/460140960990775/',NULL,NULL,50,NULL);
/*!40000 ALTER TABLE `facebook_groups` ENABLE KEYS */;
UNLOCK TABLES;

--
-- Table structure for table `facebook_searches`
--

DROP TABLE IF EXISTS `facebook_searches`;
/*!40101 SET @saved_cs_client     = @@character_set_client */;
/*!50503 SET character_set_client = utf8mb4 */;
CREATE TABLE `facebook_searches` (
  `id` bigint unsigned NOT NULL AUTO_INCREMENT,
  `text` text CHARACTER SET utf8mb4 COLLATE utf8mb4_unicode_ci NOT NULL,
  `created_at` timestamp NULL DEFAULT NULL,
  `updated_at` timestamp NULL DEFAULT NULL,
  `is_run` int DEFAULT NULL,
  `keywords` text CHARACTER SET utf8mb4 COLLATE utf8mb4_unicode_ci,
  PRIMARY KEY (`id`)
) ENGINE=InnoDB AUTO_INCREMENT=57 DEFAULT CHARSET=utf8mb4 COLLATE=utf8mb4_unicode_ci;
/*!40101 SET character_set_client = @saved_cs_client */;

--
-- Dumping data for table `facebook_searches`
--

LOCK TABLES `facebook_searches` WRITE;
/*!40000 ALTER TABLE `facebook_searches` DISABLE KEYS */;
INSERT INTO `facebook_searches` VALUES (1,'Израиль работа','2023-01-09 17:20:58','2023-02-01 16:38:58',1,'Израиль,работа'),(8,'Работа в Израиле','2023-01-13 15:45:24','2023-02-01 16:38:42',1,'работа,в Израиле'),(9,'Работа Израиль','2023-01-13 17:59:14','2023-02-01 16:38:20',1,'Израиль,работа'),(10,'Работа в Израиле подработка и услуги','2023-01-13 17:59:38','2023-02-01 16:38:00',1,'Израиль,работа'),(11,'Доска бесплатных объявлений Израиля.','2023-01-13 18:00:20','2023-02-01 16:37:46',1,'объявлений, Израиль'),(12,'Срочно Ищу Работу В Израиле','2023-01-13 18:00:45','2023-02-01 16:37:12',1,'Израиль,работа'),(13,'Работа в Израиле для всех','2023-01-13 18:00:59','2023-02-01 16:36:56',1,'Израиль,работа'),(14,'Ищу работу в Израиле','2023-01-13 18:01:28','2023-02-01 16:36:48',1,'Израиль,работа'),(15,'Work Israel','2023-01-17 17:18:38','2023-03-14 20:23:54',1,'Israel, work, job\'s,jobs'),(16,'Work in Israel','2023-01-17 17:18:46','2023-03-14 20:23:47',1,'Israel, work, jobs, job\'s'),(17,'Looking for a work in Israel','2023-01-17 17:19:00','2023-03-14 20:24:03',1,'Israel, work, jobs, job\'s'),(18,'Look for a job in Israel','2023-02-01 16:40:15','2023-02-06 16:29:40',1,'Israel, work, job'),(19,'לוח מודעות ישראל.','2023-02-04 22:32:18','2023-02-05 02:07:55',1,NULL),(20,'Работа в','2023-02-05 21:11:04','2023-02-05 21:11:04',1,'Работа в Грузии, Работа в Польше, Работа в Италии, Работа в Германии, Работа в Бельгии, Работа в Испании, Работа в Португалии, Работа в Франции, Работа в Литве, Работа в Латвии, Работа в Эстонии, Работа в Хорватии, Работа в Чехии, Работа в Румынии, Работа в Болгарии, Работа в Турции'),(21,'Work in','2023-02-05 21:17:25','2023-02-05 21:17:25',1,'Work in Germany, Work in United Kingdom, Work in France, Work in Italy, Work in Spain, Work in Poland, Work in Romania, Work in Belgium, Work in Czech Republic (Czechia), Work in Greece, Work in Portugal, Work in Hungary, Work in Bulgaria, Work in Denmark, Work in Estonia, Work in Latvia,'),(22,'Работа в Польше','2023-02-06 19:29:44','2023-02-06 19:29:44',1,'Польше, Польша, срочная работа в Польше, переезд, условия, условиями, жильем, жилье'),(23,'Работа в Германии','2023-02-06 19:32:12','2023-02-06 19:32:12',1,'Германии, Германия, срочная работа в Германии, переезд, условия, условиями, жильем, жилье'),(24,'Работа в Италии','2023-02-06 19:32:44','2023-02-06 19:32:44',1,'Италии, Италия, срочная работа в Италии, переезд, условия, условиями, жильем, жилье'),(25,'Работа в Франции','2023-02-06 19:33:23','2023-02-06 19:33:23',1,'Франции, Франция, срочная работа в Франции, переезд, условия, условиями, жильем, жилье'),(26,'Работа в Испании','2023-02-06 19:34:04','2023-02-06 19:34:04',1,'Испании, Испания, срочная работа в Испании, переезд, условия, условиями, жильем, жилье'),(27,'Работа в Бельгии','2023-02-06 19:35:06','2023-02-06 19:35:06',1,'Бельгия, Бельгии, срочная работа в Бельгии, переезд, условия, условиями, жильем, жилье'),(28,'Работа в Португалии','2023-02-06 19:35:46','2023-02-06 19:35:46',1,'Португалии, Португалия, срочная работа в,  переезд, условия, условиями, жильем, жилье'),(29,'Работа в Литве','2023-02-06 19:36:10','2023-02-06 19:36:10',1,'Литва, Литве, срочная работа в,  переезд, условия, условиями, жильем, жилье'),(30,'Работа в Латвии','2023-02-06 19:36:35','2023-02-06 19:36:35',1,'Латвия, Латвии, срочная работа в, переезд, условия, условиями, жильем, жилье'),(31,'Работа в Болгарии','2023-02-06 19:38:19','2023-02-06 19:38:19',1,'Болгарии, Болгария, срочная работа в,  переезд, условия, условиями, жильем, жилье'),(32,'Работа в Турции','2023-02-06 19:38:37','2023-02-06 19:38:37',1,'Турции, Турция, срочная работа в,  переезд, условия, условиями, жильем, жилье'),(33,'Работа в Хорватии','2023-02-06 19:39:13','2023-02-06 19:39:13',1,'Хорватии, Хорватия, срочная работа в,  переезд, условия, условиями, жильем, жилье'),(34,'Работа в Чехии','2023-02-06 19:39:43','2023-02-06 19:39:43',1,'Чехии, Чехия, срочная работа в,  переезд, условия, условиями, жильем, жилье'),(35,'Работа в Греции','2023-02-06 19:40:05','2023-02-06 19:40:05',1,'Греции, Греция, срочная работа в,  переезд, условия, условиями, жильем, жилье'),(36,'Work in Poland','2023-02-06 20:12:58','2023-02-06 20:12:58',1,'work in Poland,  for internationals, for multilinguals, relocate'),(37,'Work in Germany','2023-02-06 20:13:25','2023-02-06 20:13:25',1,'work in Germany,  for internationals, for multilinguals, relocate'),(38,'Work in France','2023-02-06 20:13:58','2023-02-06 20:13:58',1,'work in France,  for internationals, for multilinguals, relocate'),(39,'Work in Spain','2023-02-06 20:14:32','2023-02-06 20:14:32',1,'work in Spain, for internationals, for multilinguals, relocate'),(40,'Work in Italy','2023-02-06 20:14:48','2023-02-06 20:14:48',1,'work in Italy, for internationals, for multilinguals, relocate'),(41,'Work in Belgium','2023-02-06 20:15:06','2023-02-06 20:15:06',1,'work in Belgium, for internationals, for multilinguals, relocate'),(42,'Work in Greece','2023-02-06 20:15:30','2023-02-06 20:15:30',1,'work in Greece, for internationals, for multilinguals, relocate'),(43,'Work in Romania','2023-02-06 20:15:47','2023-02-06 20:15:47',1,'work in Romania, for internationals, for multilinguals, relocate'),(44,'Work in Latvia','2023-02-06 20:16:54','2023-02-09 22:42:53',1,'work in Latvia, for internationals, for multilinguals, relocate'),(45,'Work in Estonia','2023-02-06 20:17:07','2023-02-09 22:37:57',1,'work in Estonia, for internationals, for multilinguals, relocate'),(46,'Work in Bulgaria','2023-02-06 20:17:40','2023-02-09 22:37:53',1,'work in Bulgaria, for internationals, for multilinguals, relocate'),(47,'Work in Portugal','2023-02-06 20:17:59','2023-02-09 22:37:48',1,'work in Portugal, for internationals, for multilinguals, relocate'),(48,'Work in Turkey','2023-02-06 20:18:45','2023-02-09 22:37:43',1,'work in Turkey, for internationals, for multilinguals, relocate'),(49,'Work in Lithuania','2023-02-06 20:19:36','2023-02-06 20:19:36',1,'work in Lithuania, for internationals, for multilinguals, relocate'),(50,'Доска обьявлений Харьков','2023-03-14 19:31:25','2023-03-21 16:52:39',1,'Харьков, обьявлений, обьявления, объявления, объявлений, доска'),(51,'Доска обьявлений Киев','2023-03-14 20:21:18','2023-03-21 16:52:32',1,'Киев, обьявлений, обьявления, объявления, объявлений, доска'),(52,'Доска обьявлений Днепр','2023-03-14 20:21:48','2023-03-21 16:52:18',1,'Днепр, обьявлений, обьявления, объявления, объявлений, доска'),(53,'Доска обьявлений Запорожье','2023-03-14 20:22:25','2023-03-21 16:52:07',1,'Запорожье, обьявлений, обьявления, объявления, объявлений, доска'),(54,'Доска обьявлений Николаев','2023-03-14 20:22:43','2023-03-14 20:22:43',1,'Николаев, обьявлений, обьявления, объявления, объявлений, доска'),(55,'Доска обьявлений Херсон','2023-03-14 20:23:02','2023-03-14 20:23:02',1,'Херсон, обьявлений, обьявления, объявления, объявлений, доска'),(56,'Доска обьявлений Одесса','2023-03-14 20:23:28','2023-03-14 20:23:28',1,'Одесса, обьявлений, обьявления, объявления, объявлений, доска');
/*!40000 ALTER TABLE `facebook_searches` ENABLE KEYS */;
UNLOCK TABLES;

--
-- Table structure for table `failed_jobs`
--

DROP TABLE IF EXISTS `failed_jobs`;
/*!40101 SET @saved_cs_client     = @@character_set_client */;
/*!50503 SET character_set_client = utf8mb4 */;
CREATE TABLE `failed_jobs` (
  `id` bigint unsigned NOT NULL AUTO_INCREMENT,
  `uuid` varchar(255) CHARACTER SET utf8mb4 COLLATE utf8mb4_unicode_ci NOT NULL,
  `connection` text CHARACTER SET utf8mb4 COLLATE utf8mb4_unicode_ci NOT NULL,
  `queue` text CHARACTER SET utf8mb4 COLLATE utf8mb4_unicode_ci NOT NULL,
  `payload` longtext CHARACTER SET utf8mb4 COLLATE utf8mb4_unicode_ci NOT NULL,
  `exception` longtext CHARACTER SET utf8mb4 COLLATE utf8mb4_unicode_ci NOT NULL,
  `failed_at` timestamp NOT NULL DEFAULT CURRENT_TIMESTAMP,
  PRIMARY KEY (`id`),
  UNIQUE KEY `failed_jobs_uuid_unique` (`uuid`)
) ENGINE=InnoDB DEFAULT CHARSET=utf8mb4 COLLATE=utf8mb4_unicode_ci;
/*!40101 SET character_set_client = @saved_cs_client */;

--
-- Dumping data for table `failed_jobs`
--

LOCK TABLES `failed_jobs` WRITE;
/*!40000 ALTER TABLE `failed_jobs` DISABLE KEYS */;
/*!40000 ALTER TABLE `failed_jobs` ENABLE KEYS */;
UNLOCK TABLES;

--
-- Table structure for table `fb_account_tasks`
--

DROP TABLE IF EXISTS `fb_account_tasks`;
/*!40101 SET @saved_cs_client     = @@character_set_client */;
/*!50503 SET character_set_client = utf8mb4 */;
CREATE TABLE `fb_account_tasks` (
  `id` bigint unsigned NOT NULL AUTO_INCREMENT,
  `amount` int NOT NULL,
  `created_amount` int DEFAULT NULL,
  `is_run` int DEFAULT NULL,
  `created_at` timestamp NULL DEFAULT NULL,
  `updated_at` timestamp NULL DEFAULT NULL,
  PRIMARY KEY (`id`)
) ENGINE=InnoDB AUTO_INCREMENT=2 DEFAULT CHARSET=utf8mb4 COLLATE=utf8mb4_unicode_ci;
/*!40101 SET character_set_client = @saved_cs_client */;

--
-- Dumping data for table `fb_account_tasks`
--

LOCK TABLES `fb_account_tasks` WRITE;
/*!40000 ALTER TABLE `fb_account_tasks` DISABLE KEYS */;
INSERT INTO `fb_account_tasks` VALUES (1,7,3,1,'2023-03-03 04:37:29','2023-03-03 04:37:29');
/*!40000 ALTER TABLE `fb_account_tasks` ENABLE KEYS */;
UNLOCK TABLES;

--
-- Table structure for table `fb_accounts`
--

DROP TABLE IF EXISTS `fb_accounts`;
/*!40101 SET @saved_cs_client     = @@character_set_client */;
/*!50503 SET character_set_client = utf8mb4 */;
CREATE TABLE `fb_accounts` (
  `id` bigint unsigned NOT NULL AUTO_INCREMENT,
  `login` varchar(255) CHARACTER SET utf8mb4 COLLATE utf8mb4_unicode_ci NOT NULL,
  `password` varchar(255) CHARACTER SET utf8mb4 COLLATE utf8mb4_unicode_ci NOT NULL,
  `name` varchar(255) CHARACTER SET utf8mb4 COLLATE utf8mb4_unicode_ci NOT NULL,
  `lastname` varchar(255) CHARACTER SET utf8mb4 COLLATE utf8mb4_unicode_ci NOT NULL,
  `created_at` timestamp NULL DEFAULT NULL,
  `updated_at` timestamp NULL DEFAULT NULL,
  PRIMARY KEY (`id`)
) ENGINE=InnoDB AUTO_INCREMENT=7 DEFAULT CHARSET=utf8mb4 COLLATE=utf8mb4_unicode_ci;
/*!40101 SET character_set_client = @saved_cs_client */;

--
-- Dumping data for table `fb_accounts`
--

LOCK TABLES `fb_accounts` WRITE;
/*!40000 ALTER TABLE `fb_accounts` DISABLE KEYS */;
INSERT INTO `fb_accounts` VALUES (1,'380682450854','hnPzONWY3F','Mangala','Andrade',NULL,NULL),(2,'380938106656','cH2zhWCTgi','Albert','Campos',NULL,NULL),(3,'380970665669','ZYdWWgsYog','یاسمین','کوتی',NULL,NULL),(4,'380666913149','i1XpTqmWn4','Tuva','Dyrøy',NULL,NULL),(5,'380972240975','Tje2UBmrra','Alisa','Wallo',NULL,NULL),(6,'380666913290','ToI0eCCxAV','Samaksh','Pujari',NULL,NULL);
/*!40000 ALTER TABLE `fb_accounts` ENABLE KEYS */;
UNLOCK TABLES;

--
-- Table structure for table `menu_items`
--

DROP TABLE IF EXISTS `menu_items`;
/*!40101 SET @saved_cs_client     = @@character_set_client */;
/*!50503 SET character_set_client = utf8mb4 */;
CREATE TABLE `menu_items` (
  `id` int unsigned NOT NULL AUTO_INCREMENT,
  `menu_id` int unsigned DEFAULT NULL,
  `title` varchar(255) CHARACTER SET utf8mb4 COLLATE utf8mb4_unicode_ci NOT NULL,
  `url` varchar(255) CHARACTER SET utf8mb4 COLLATE utf8mb4_unicode_ci NOT NULL,
  `target` varchar(255) CHARACTER SET utf8mb4 COLLATE utf8mb4_unicode_ci NOT NULL DEFAULT '_self',
  `icon_class` varchar(255) CHARACTER SET utf8mb4 COLLATE utf8mb4_unicode_ci DEFAULT NULL,
  `color` varchar(255) CHARACTER SET utf8mb4 COLLATE utf8mb4_unicode_ci DEFAULT NULL,
  `parent_id` int DEFAULT NULL,
  `order` int NOT NULL,
  `created_at` timestamp NULL DEFAULT NULL,
  `updated_at` timestamp NULL DEFAULT NULL,
  `route` varchar(255) CHARACTER SET utf8mb4 COLLATE utf8mb4_unicode_ci DEFAULT NULL,
  `parameters` text CHARACTER SET utf8mb4 COLLATE utf8mb4_unicode_ci,
  PRIMARY KEY (`id`),
  KEY `menu_items_menu_id_foreign` (`menu_id`),
  CONSTRAINT `menu_items_menu_id_foreign` FOREIGN KEY (`menu_id`) REFERENCES `menus` (`id`) ON DELETE CASCADE
) ENGINE=InnoDB AUTO_INCREMENT=17 DEFAULT CHARSET=utf8mb4 COLLATE=utf8mb4_unicode_ci;
/*!40101 SET character_set_client = @saved_cs_client */;

--
-- Dumping data for table `menu_items`
--

LOCK TABLES `menu_items` WRITE;
/*!40000 ALTER TABLE `menu_items` DISABLE KEYS */;
INSERT INTO `menu_items` VALUES (1,1,'Dashboard','','_self','voyager-boat',NULL,NULL,1,'2023-01-09 16:44:21','2023-01-09 16:44:21','voyager.dashboard',NULL),(2,1,'Media','','_self','voyager-images',NULL,NULL,10,'2023-01-09 16:44:21','2023-03-03 04:49:01','voyager.media.index',NULL),(3,1,'Users','','_self','voyager-person',NULL,NULL,9,'2023-01-09 16:44:21','2023-03-03 04:49:00','voyager.users.index',NULL),(4,1,'Roles','','_self','voyager-lock',NULL,NULL,8,'2023-01-09 16:44:21','2023-03-03 04:49:00','voyager.roles.index',NULL),(5,1,'Tools','','_self','voyager-tools',NULL,NULL,11,'2023-01-09 16:44:21','2023-03-03 04:49:01',NULL,NULL),(6,1,'Menu Builder','','_self','voyager-list',NULL,5,1,'2023-01-09 16:44:21','2023-01-09 17:15:04','voyager.menus.index',NULL),(7,1,'Database','','_self','voyager-data',NULL,5,2,'2023-01-09 16:44:21','2023-01-09 17:15:04','voyager.database.index',NULL),(8,1,'Compass','','_self','voyager-compass',NULL,5,3,'2023-01-09 16:44:21','2023-01-09 17:15:04','voyager.compass.index',NULL),(9,1,'BREAD','','_self','voyager-bread',NULL,5,4,'2023-01-09 16:44:21','2023-01-09 17:15:04','voyager.bread.index',NULL),(10,1,'Settings','','_self','voyager-settings',NULL,NULL,12,'2023-01-09 16:44:21','2023-03-03 04:49:01','voyager.settings.index',NULL),(11,1,'Facebook Groups Search','','_self','voyager-news','#000000',NULL,4,'2023-01-09 17:10:22','2023-01-12 20:17:50','voyager.facebook_searches.index','null'),(12,1,'Facebook Groups','','_self','voyager-facebook','#000000',NULL,5,'2023-01-09 17:14:58','2023-01-12 20:17:50','voyager.facebook_groups.index',NULL),(13,1,'Accounts','','_self','voyager-group','#000000',NULL,3,'2023-01-12 14:34:49','2023-01-12 20:17:50','voyager.accounts.index',NULL),(14,1,'Tasks','','_self','voyager-book','#000000',NULL,2,'2023-01-12 20:17:43','2023-01-12 20:17:50','voyager.tasks.index',NULL),(15,1,'Facebook Accounts','','_self','voyager-facebook','#000000',NULL,7,'2023-02-21 17:35:56','2023-03-03 04:49:00','voyager.fb_accounts.index',NULL),(16,1,'Facebook accounts Tasks','','_self','voyager-facebook','#000000',NULL,6,'2023-03-03 04:09:50','2023-03-03 04:48:58','voyager.fb_account_tasks.index','null');
/*!40000 ALTER TABLE `menu_items` ENABLE KEYS */;
UNLOCK TABLES;

--
-- Table structure for table `menus`
--

DROP TABLE IF EXISTS `menus`;
/*!40101 SET @saved_cs_client     = @@character_set_client */;
/*!50503 SET character_set_client = utf8mb4 */;
CREATE TABLE `menus` (
  `id` int unsigned NOT NULL AUTO_INCREMENT,
  `name` varchar(255) CHARACTER SET utf8mb4 COLLATE utf8mb4_unicode_ci NOT NULL,
  `created_at` timestamp NULL DEFAULT NULL,
  `updated_at` timestamp NULL DEFAULT NULL,
  PRIMARY KEY (`id`),
  UNIQUE KEY `menus_name_unique` (`name`)
) ENGINE=InnoDB AUTO_INCREMENT=2 DEFAULT CHARSET=utf8mb4 COLLATE=utf8mb4_unicode_ci;
/*!40101 SET character_set_client = @saved_cs_client */;

--
-- Dumping data for table `menus`
--

LOCK TABLES `menus` WRITE;
/*!40000 ALTER TABLE `menus` DISABLE KEYS */;
INSERT INTO `menus` VALUES (1,'admin','2023-01-09 16:44:21','2023-01-09 16:44:21');
/*!40000 ALTER TABLE `menus` ENABLE KEYS */;
UNLOCK TABLES;

--
-- Table structure for table `migrations`
--

DROP TABLE IF EXISTS `migrations`;
/*!40101 SET @saved_cs_client     = @@character_set_client */;
/*!50503 SET character_set_client = utf8mb4 */;
CREATE TABLE `migrations` (
  `id` int unsigned NOT NULL AUTO_INCREMENT,
  `migration` varchar(255) CHARACTER SET utf8mb4 COLLATE utf8mb4_unicode_ci NOT NULL,
  `batch` int NOT NULL,
  PRIMARY KEY (`id`)
) ENGINE=InnoDB AUTO_INCREMENT=49 DEFAULT CHARSET=utf8mb4 COLLATE=utf8mb4_unicode_ci;
/*!40101 SET character_set_client = @saved_cs_client */;

--
-- Dumping data for table `migrations`
--

LOCK TABLES `migrations` WRITE;
/*!40000 ALTER TABLE `migrations` DISABLE KEYS */;
INSERT INTO `migrations` VALUES (1,'2014_10_12_000000_create_users_table',1),(2,'2014_10_12_100000_create_password_resets_table',1),(3,'2016_01_01_000000_add_voyager_user_fields',1),(4,'2016_01_01_000000_create_data_types_table',1),(5,'2016_05_19_173453_create_menu_table',1),(6,'2016_10_21_190000_create_roles_table',1),(7,'2016_10_21_190000_create_settings_table',1),(8,'2016_11_30_135954_create_permission_table',1),(9,'2016_11_30_141208_create_permission_role_table',1),(10,'2016_12_26_201236_data_types__add__server_side',1),(11,'2017_01_13_000000_add_route_to_menu_items_table',1),(12,'2017_01_14_005015_create_translations_table',1),(13,'2017_01_15_000000_make_table_name_nullable_in_permissions_table',1),(14,'2017_03_06_000000_add_controller_to_data_types_table',1),(15,'2017_04_21_000000_add_order_to_data_rows_table',1),(16,'2017_07_05_210000_add_policyname_to_data_types_table',1),(17,'2017_08_05_000000_add_group_to_settings_table',1),(18,'2017_11_26_013050_add_user_role_relationship',1),(19,'2017_11_26_015000_create_user_roles_table',1),(20,'2018_03_11_000000_add_user_settings',1),(21,'2018_03_14_000000_add_details_to_data_types_table',1),(22,'2018_03_16_000000_make_settings_value_nullable',1),(23,'2019_08_19_000000_create_failed_jobs_table',1),(24,'2019_12_14_000001_create_personal_access_tokens_table',1),(25,'2023_01_09_165339_create_facebook_searches_table',2),(26,'2023_01_09_165414_create_facebook_groups_table',2),(27,'2023_01_09_172250_update_facebook_groups_table_drop_facebook_search_id_column',3),(28,'2023_01_11_100631_update_facebook_searches_table_add_is_run_column',4),(30,'2023_01_11_211127_create_accounts_table',5),(31,'2023_01_11_215957_update_facebook_groups_table_add_is_run_column',6),(36,'2023_01_12_200929_create_tasks_table',7),(37,'2023_01_12_201351_create_task_facebook_searches_table',7),(38,'2023_01_17_203440_update_accounts_table_add_is_proxy_ok_column',8),(39,'2023_01_17_215647_create_old_accounts_table',9),(40,'2023_01_31_115545_update_facebook_searches_table_add_keywords_column',10),(41,'2023_02_07_142924_update_accounts_table_add_is_blocked_column',11),(42,'2023_02_10_111134_update_tasks_table_add_photo_column',12),(44,'2023_02_22_121943_create_fb_accounts_table',13),(48,'2023_03_02_220631_create_fb_account_tasks_table',14);
/*!40000 ALTER TABLE `migrations` ENABLE KEYS */;
UNLOCK TABLES;

--
-- Table structure for table `old_accounts`
--

DROP TABLE IF EXISTS `old_accounts`;
/*!40101 SET @saved_cs_client     = @@character_set_client */;
/*!50503 SET character_set_client = utf8mb4 */;
CREATE TABLE `old_accounts` (
  `id` bigint unsigned NOT NULL AUTO_INCREMENT,
  `usage` int NOT NULL DEFAULT '0',
  `c_user` varchar(255) CHARACTER SET utf8mb4 COLLATE utf8mb4_unicode_ci NOT NULL,
  `xs` text CHARACTER SET utf8mb4 COLLATE utf8mb4_unicode_ci NOT NULL,
  `ip_username` varchar(255) CHARACTER SET utf8mb4 COLLATE utf8mb4_unicode_ci NOT NULL,
  `ip_password` varchar(255) CHARACTER SET utf8mb4 COLLATE utf8mb4_unicode_ci NOT NULL,
  `ip_address` varchar(255) CHARACTER SET utf8mb4 COLLATE utf8mb4_unicode_ci NOT NULL,
  `ip_port` varchar(255) CHARACTER SET utf8mb4 COLLATE utf8mb4_unicode_ci NOT NULL,
  `comment` text CHARACTER SET utf8mb4 COLLATE utf8mb4_unicode_ci,
  `is_proxy_ok` int DEFAULT NULL,
  `created_at` timestamp NULL DEFAULT NULL,
  `updated_at` timestamp NULL DEFAULT NULL,
  PRIMARY KEY (`id`)
) ENGINE=InnoDB AUTO_INCREMENT=59 DEFAULT CHARSET=utf8mb4 COLLATE=utf8mb4_unicode_ci;
/*!40101 SET character_set_client = @saved_cs_client */;

--
-- Dumping data for table `old_accounts`
--

LOCK TABLES `old_accounts` WRITE;
/*!40000 ALTER TABLE `old_accounts` DISABLE KEYS */;
INSERT INTO `old_accounts` VALUES (1,3,'100056064306572','44%3AECIxK8a1NVYT1w%3A2%3A1673863467%3A-1%3A-1','maximsokolsky','UK79QpIqWm','134.202.250.62','51523','laguerre.02@onet.pl',1,NULL,NULL),(2,3,'100055926762916','25%3AnH8d0LTXYIH8gQ%3A2%3A1673867139%3A-1%3A-1','maximsokolsky','UK79QpIqWm','74.115.1.229','51523','demello.lan@onet.pl',1,NULL,NULL),(3,3,'100056166662022','36%3AAUbY6MWZDJpozA%3A2%3A1673867908%3A-1%3A-1','maximsokolsky','UK79QpIqWm','185.93.221.111','51523','prasad.dma@onet.pl',1,NULL,NULL),(4,3,'100055644596275','16%3AkJ0K3E2JBtlJig%3A2%3A1673868275%3A-1%3A-1','maximsokolsky','UK79QpIqWm','23.26.229.204','51523','burch.61@onet.pl',1,NULL,NULL),(5,3,'100055848466925','15%3Ap1gA33_G5cdHew%3A2%3A1673868517%3A-1%3A-1','maximsokolsky','UK79QpIqWm','64.113.1.116','51523','toribio.theda@onet.pl',1,NULL,NULL),(6,3,'100055935852644','45%3ADyOrkH_cuE67Jg%3A2%3A1673869071%3A-1%3A-1','maximsokolsky','UK79QpIqWm','216.162.201.171','51523','arceneaux.2jxv@onet.pl',1,NULL,NULL),(7,3,'100055846307659','26%3AyD5pEJNLJ-26Ng%3A2%3A1673869794%3A-1%3A-1','maximsokolsky','UK79QpIqWm','102.129.240.174','51523','clodfelter.joel@onet.pl',1,NULL,NULL),(8,3,'100055787600314','21%3Al4y94w19EYeI5Q%3A2%3A1673870870%3A-1%3A-1','maximsokolsky','UK79QpIqWm','185.240.121.199','51523','santos.stouffer@onet.pl',1,NULL,NULL),(9,3,'100055879995864','43%3AJY1dIuk8EPNVuQ%3A2%3A1673871263%3A-1%3A-1','maximsokolsky','UK79QpIqWm','138.36.92.94','51523','caperton.4av@onet.pl',1,NULL,NULL),(10,3,'100055761501472','47%3A2qHz4C0wQiT4rg%3A2%3A1673871411%3A-1%3A-1','maximsokolsky','UK79QpIqWm','185.93.221.234','51523','packer.rudolph@onet.pl',1,NULL,NULL),(11,3,'100055888875465','6%3Ab8TvU9bdTkBwaw%3A2%3A1673871567%3A-1%3A-1','maximsokolsky','UK79QpIqWm','104.227.110.97','51523','raymond.m2e4@onet.pl',1,NULL,NULL),(12,3,'100055888875465','6%3Ab8TvU9bdTkBwaw%3A2%3A1673871567%3A-1%3A-1','maximsokolsky','UK79QpIqWm','138.36.94.149','51523','raymond.m2e4@onet.pl',1,NULL,NULL),(13,3,'100055932703468','48%3AcEyEOhzsJNmnEQ%3A2%3A1673871924%3A-1%3A-1','maximsokolsky','UK79QpIqWm','74.115.1.241','51523','kujawa.edwardo@onet.pl',1,NULL,NULL),(14,3,'100055914731657','24%3AC2qDhhRmk9kTNg%3A2%3A1673872079%3A-1%3A-1','maximsokolsky','UK79QpIqWm','74.115.1.233','51523','harbaugh.solomon@onet.pl',1,NULL,NULL),(15,3,'100055690042187','50%3AMWYw4Vnh9rCivw%3A2%3A1673872386%3A-1%3A-1','maximsokolsky','UK79QpIqWm','64.113.1.27','51523','kepler.frances@onet.pl',1,NULL,NULL),(16,3,'100056052787162','41:U5eDda8CNcpJYQ:2:1652264353:-1:-1','maximsokolsky','UK79QpIqWm','216.162.209.33','51523','will.louis@onet.pl',NULL,NULL,NULL),(17,3,'100056185800813','14:Hdv721-pE_Jy3w:2:1652264512:-1:-1','maximsokolsky','UK79QpIqWm','64.113.1.118','51523','alvarenga.2yt@onet.pl',1,NULL,NULL),(18,3,'100056203170193','3:bjzAAcOkt5A90Q:2:1652265015:-1:-1','maximsokolsky','UK79QpIqWm','64.113.0.0','51523','boren.qx@onet.pl',1,NULL,NULL),(19,2,'100055763990966','42:qIWKanx80Q6uOg:2:1652265094:-1:-1','maximsokolsky','UK79QpIqWm','64.113.1.213','51523','felker.5l1@onet.pl',1,NULL,NULL),(20,2,'100056013849265','38:m1RKgTv6zLS-mQ:2:1652265298:-1:-1','maximsokolsky','UK79QpIqWm','74.115.1.37','51523','woolard.0p@onet.pl',1,NULL,NULL),(21,2,'100056172871802','1:TiQWRp08PPzKFw:2:1652265378:-1:-1','maximsokolsky','UK79QpIqWm','185.240.120.177','51523','felice.belva@onet.pl',1,NULL,NULL),(22,2,'100056211870409','24:MUlEoeFF1fJZAQ:2:1652266477:-1:-1','maximsokolsky','UK79QpIqWm','74.115.1.238','51523','kirk.weishaar@onet.pl',1,NULL,NULL),(23,2,'100056041563854','41:46hsm3VQEUf2wQ:2:1652267003:-1:-1','maximsokolsky','UK79QpIqWm','185.240.121.155','51523','barry.ratcliff@onet.pl',1,NULL,NULL),(24,2,'100055652001933','20:tOooKSoUhIFbeQ:2:1652267272:-1:-1','maximsokolsky','UK79QpIqWm','216.162.209.66','51523','esquivel.c18@onet.pl',NULL,NULL,NULL),(25,2,'100056153670597','20:wod4yIOkA5BFCA:2:1652267609:-1:-1','maximsokolsky','UK79QpIqWm','216.162.209.52','51523','whitney.duane@onet.pl',NULL,NULL,NULL),(26,2,'100056175121324','10:pYibzpZE_abfPQ:2:1652268604:-1:-1','maximsokolsky','UK79QpIqWm','74.115.1.232','51523','lily.hassett@onet.pl',1,NULL,NULL),(27,2,'100055646336198','49:kfPvhwRneosJFQ:2:1652269279:-1:-1','maximsokolsky','UK79QpIqWm','74.115.1.103','51523','sherwood.stevens@onet.pl',1,NULL,NULL),(28,2,'100055692085027','18:Ix8at5yEi7d84w:2:1652269655:-1:-1','maximsokolsky','UK79QpIqWm','216.162.209.57','51523','lederer.5o@onet.pl',NULL,NULL,NULL),(29,2,'100056011569962','7:mGJKqINKiosmvw:2:1652269734:-1:-1','maximsokolsky','UK79QpIqWm','185.240.120.160','51523','ely.i9gg@onet.pl',1,NULL,NULL),(30,14,'100056078316711','20:nSYeCs6qESOsLA:2:1652269945:-1:-1','maximsokolsky','UK79QpIqWm','134.202.250.62','51523','cordell.jody@onet.pl',1,NULL,NULL),(31,14,'100055912604309','21:oCvOqPID9cyLwg:2:1652270157:-1:-1','maximsokolsky','UK79QpIqWm','74.115.1.229','51523','maryann.mays@onet.pl',1,NULL,NULL),(32,14,'100056153193181','30:VAxB-1-W2SwAYw:2:1652270247:-1:-1','maximsokolsky','UK79QpIqWm','95.164.145.74','51523','billings.bernarda@onet.pl',1,NULL,NULL),(33,14,'100055654556286','39:Lxjt7KcG1qaNSg:2:1652270404:-1:-1','maximsokolsky','UK79QpIqWm','23.26.229.204','51523','blanch.stuber@onet.pl',1,NULL,NULL),(34,14,'100055908732199','48:FtA7PQmZY-0Ddg:2:1652271307:-1:-1','maximsokolsky','UK79QpIqWm','64.113.1.116','51523','lacy.coats@onet.pl',1,NULL,NULL),(35,14,'100056151482625','35:VzyaLofLJeIvCA:2:1652272578:-1:-1','maximsokolsky','UK79QpIqWm','216.162.201.171','51523','victoria.sheffer@onet.pl',1,NULL,NULL),(36,14,'100055998219704','44:h1LUsn695Z37KQ:2:1652272664:-1:-1','maximsokolsky','UK79QpIqWm','102.129.240.174','51523','leflore.91@onet.pl',1,NULL,NULL),(37,14,'100056176141365','3:oC_QEdvQRuoJmw:2:1652272747:-1:-1','maximsokolsky','UK79QpIqWm','185.240.121.199','51523','bobbitt.6q59@onet.pl',1,NULL,NULL),(38,14,'100055880655184','7:rjwQElVDhr2-Mg:2:1652272923:-1:-1','maximsokolsky','UK79QpIqWm','138.36.92.94','51523','petty.rr1@onet.pl',1,NULL,NULL),(39,14,'100055849366670','10:xW2vZCUmcTyXfQ:2:1652273143:-1:-1','maximsokolsky','UK79QpIqWm','185.93.221.234','51523','rodrick.palen@onet.pl',1,NULL,NULL),(40,14,'100055801039761','44:An86nKYKt2kptQ:2:1652273999:-1:-1','maximsokolsky','UK79QpIqWm','104.227.110.97','51523','kost.leta@onet.pl',1,NULL,NULL),(41,14,'100055730268969','48:EwocDQaRdvYbrA:2:1652274890:-1:-1','maximsokolsky','UK79QpIqWm','138.36.94.149','51523','raul.byler@onet.pl',1,NULL,NULL),(42,14,'100055859656402','31:zcxgl6smH5W1Jg:2:1652276457:-1:-1','maximsokolsky','UK79QpIqWm','74.115.1.241','51523','groce.lamont@onet.pl',1,NULL,NULL),(43,14,'100055919263928','41:Hl2A-dgxBH03UQ:2:1652276921:-1:-1','maximsokolsky','UK79QpIqWm','74.115.1.233','51523','koeller.octavio@onet.pl',1,NULL,NULL),(44,14,'100055973590317','32:7-BBEAANkh6CGA:2:1652291641:-1:-1','maximsokolsky','UK79QpIqWm','64.113.1.27','51523','kassie.olds@onet.pl',1,NULL,NULL),(45,14,'100056075044217','11:zHhw7Z7_FArLkA:2:1652292182:-1:-1','maximsokolsky','UK79QpIqWm','95.164.145.82','51523','lunsford.26@onet.pl',1,NULL,NULL),(46,14,'100056029866071','25:EP7XGozyevV3-g:2:1652292951:-1:-1','maximsokolsky','UK79QpIqWm','64.113.1.118','51523','vandervort.z8@onet.pl',1,NULL,NULL),(47,14,'100056090853352','49:6NPBBXzSJiACEw:2:1652293033:-1:-1','maximsokolsky','UK79QpIqWm','64.113.0.0','51523','restrepo.4t6@onet.pl',1,NULL,NULL),(48,14,'100055914941642','42:_EUYKdwZCIsw7Q:2:1652293415:-1:-1','maximsokolsky','UK79QpIqWm','64.113.1.213','51523','finnegan.jerrell@onet.pl',1,NULL,NULL),(49,14,'100056031367833','30:hfj447xq38ExwA:2:1652293500:-1:-1','maximsokolsky','UK79QpIqWm','74.115.1.37','51523','proper.isidro@onet.pl',1,NULL,NULL),(50,14,'100056079576274','29:8JaG4WAr4vSc1g:2:1652293753:-1:-1','maximsokolsky','UK79QpIqWm','185.240.120.177','51523','rumsey.carlo@onet.pl',1,NULL,NULL),(51,14,'100056046998102','13:0Kycs9f85Ks0tA:2:1652294061:-1:-1','maximsokolsky','UK79QpIqWm','74.115.1.238','51523','olive.p6@onet.pl',1,NULL,NULL),(52,14,'100056139363827','6:fNjr61b_JutVAQ:2:1652294134:-1:-1','maximsokolsky','UK79QpIqWm','185.240.121.155','51523','tolar.9un@onet.pl',1,NULL,NULL),(53,14,'100056206260730','24:cKpRwFU4MESorQ:2:1652294217:-1:-1','maximsokolsky','UK79QpIqWm','95.164.145.150','51523','hiles.carey@onet.pl',1,NULL,NULL),(54,14,'100055792820135','7:iRmXYEHOuxS_Ag:2:1652294305:-1:-1','maximsokolsky','UK79QpIqWm','185.228.192.138','51523','porter.florencio@onet.pl',1,NULL,NULL),(55,14,'100055781060905','35:S-2QOZ531H34lg:2:1652294400:-1:-1','maximsokolsky','UK79QpIqWm','74.115.1.232','51523','davila.yf@onet.pl',1,NULL,NULL),(56,14,'100056170142609','32:c77EpKgx7M_fLg:2:1652294482:-1:-1','maximsokolsky','UK79QpIqWm','74.115.1.103','51523','kaminski.u1q@onet.pl',1,NULL,NULL),(57,14,'100055917701424','43:FrwPn0rdaQC7gQ:2:1652294641:-1:-1','maximsokolsky','UK79QpIqWm','185.93.221.111','51523','darling.carlee@onet.pl',1,NULL,NULL),(58,14,'100056101804869','16:ZnwRup8HaELHWg:2:1652294891:-1:-1','maximsokolsky','UK79QpIqWm','185.240.120.160','51523','tad.rocha@onet.pl',1,NULL,NULL);
/*!40000 ALTER TABLE `old_accounts` ENABLE KEYS */;
UNLOCK TABLES;

--
-- Table structure for table `password_resets`
--

DROP TABLE IF EXISTS `password_resets`;
/*!40101 SET @saved_cs_client     = @@character_set_client */;
/*!50503 SET character_set_client = utf8mb4 */;
CREATE TABLE `password_resets` (
  `email` varchar(255) CHARACTER SET utf8mb4 COLLATE utf8mb4_unicode_ci NOT NULL,
  `token` varchar(255) CHARACTER SET utf8mb4 COLLATE utf8mb4_unicode_ci NOT NULL,
  `created_at` timestamp NULL DEFAULT NULL,
  KEY `password_resets_email_index` (`email`)
) ENGINE=InnoDB DEFAULT CHARSET=utf8mb4 COLLATE=utf8mb4_unicode_ci;
/*!40101 SET character_set_client = @saved_cs_client */;

--
-- Dumping data for table `password_resets`
--

LOCK TABLES `password_resets` WRITE;
/*!40000 ALTER TABLE `password_resets` DISABLE KEYS */;
/*!40000 ALTER TABLE `password_resets` ENABLE KEYS */;
UNLOCK TABLES;

--
-- Table structure for table `permission_role`
--

DROP TABLE IF EXISTS `permission_role`;
/*!40101 SET @saved_cs_client     = @@character_set_client */;
/*!50503 SET character_set_client = utf8mb4 */;
CREATE TABLE `permission_role` (
  `permission_id` bigint unsigned NOT NULL,
  `role_id` bigint unsigned NOT NULL,
  PRIMARY KEY (`permission_id`,`role_id`),
  KEY `permission_role_permission_id_index` (`permission_id`),
  KEY `permission_role_role_id_index` (`role_id`),
  CONSTRAINT `permission_role_permission_id_foreign` FOREIGN KEY (`permission_id`) REFERENCES `permissions` (`id`) ON DELETE CASCADE,
  CONSTRAINT `permission_role_role_id_foreign` FOREIGN KEY (`role_id`) REFERENCES `roles` (`id`) ON DELETE CASCADE
) ENGINE=InnoDB DEFAULT CHARSET=utf8mb4 COLLATE=utf8mb4_unicode_ci;
/*!40101 SET character_set_client = @saved_cs_client */;

--
-- Dumping data for table `permission_role`
--

LOCK TABLES `permission_role` WRITE;
/*!40000 ALTER TABLE `permission_role` DISABLE KEYS */;
INSERT INTO `permission_role` VALUES (1,1),(2,1),(3,1),(4,1),(5,1),(6,1),(7,1),(8,1),(9,1),(10,1),(11,1),(12,1),(13,1),(14,1),(15,1),(16,1),(17,1),(18,1),(19,1),(20,1),(21,1),(22,1),(23,1),(24,1),(25,1),(26,1),(27,1),(28,1),(29,1),(30,1),(31,1),(32,1),(35,1),(36,1),(37,1),(38,1),(39,1),(40,1),(41,1),(42,1),(43,1),(44,1),(45,1),(46,1),(47,1),(48,1),(49,1),(50,1),(51,1),(52,1),(53,1),(54,1),(55,1);
/*!40000 ALTER TABLE `permission_role` ENABLE KEYS */;
UNLOCK TABLES;

--
-- Table structure for table `permissions`
--

DROP TABLE IF EXISTS `permissions`;
/*!40101 SET @saved_cs_client     = @@character_set_client */;
/*!50503 SET character_set_client = utf8mb4 */;
CREATE TABLE `permissions` (
  `id` bigint unsigned NOT NULL AUTO_INCREMENT,
  `key` varchar(255) CHARACTER SET utf8mb4 COLLATE utf8mb4_unicode_ci NOT NULL,
  `table_name` varchar(255) CHARACTER SET utf8mb4 COLLATE utf8mb4_unicode_ci DEFAULT NULL,
  `created_at` timestamp NULL DEFAULT NULL,
  `updated_at` timestamp NULL DEFAULT NULL,
  PRIMARY KEY (`id`),
  KEY `permissions_key_index` (`key`)
) ENGINE=InnoDB AUTO_INCREMENT=56 DEFAULT CHARSET=utf8mb4 COLLATE=utf8mb4_unicode_ci;
/*!40101 SET character_set_client = @saved_cs_client */;

--
-- Dumping data for table `permissions`
--

LOCK TABLES `permissions` WRITE;
/*!40000 ALTER TABLE `permissions` DISABLE KEYS */;
INSERT INTO `permissions` VALUES (1,'browse_admin',NULL,'2023-01-09 16:44:21','2023-01-09 16:44:21'),(2,'browse_bread',NULL,'2023-01-09 16:44:21','2023-01-09 16:44:21'),(3,'browse_database',NULL,'2023-01-09 16:44:21','2023-01-09 16:44:21'),(4,'browse_media',NULL,'2023-01-09 16:44:21','2023-01-09 16:44:21'),(5,'browse_compass',NULL,'2023-01-09 16:44:21','2023-01-09 16:44:21'),(6,'browse_menus','menus','2023-01-09 16:44:21','2023-01-09 16:44:21'),(7,'read_menus','menus','2023-01-09 16:44:21','2023-01-09 16:44:21'),(8,'edit_menus','menus','2023-01-09 16:44:21','2023-01-09 16:44:21'),(9,'add_menus','menus','2023-01-09 16:44:21','2023-01-09 16:44:21'),(10,'delete_menus','menus','2023-01-09 16:44:21','2023-01-09 16:44:21'),(11,'browse_roles','roles','2023-01-09 16:44:21','2023-01-09 16:44:21'),(12,'read_roles','roles','2023-01-09 16:44:21','2023-01-09 16:44:21'),(13,'edit_roles','roles','2023-01-09 16:44:21','2023-01-09 16:44:21'),(14,'add_roles','roles','2023-01-09 16:44:21','2023-01-09 16:44:21'),(15,'delete_roles','roles','2023-01-09 16:44:21','2023-01-09 16:44:21'),(16,'browse_users','users','2023-01-09 16:44:21','2023-01-09 16:44:21'),(17,'read_users','users','2023-01-09 16:44:21','2023-01-09 16:44:21'),(18,'edit_users','users','2023-01-09 16:44:21','2023-01-09 16:44:21'),(19,'add_users','users','2023-01-09 16:44:21','2023-01-09 16:44:21'),(20,'delete_users','users','2023-01-09 16:44:21','2023-01-09 16:44:21'),(21,'browse_settings','settings','2023-01-09 16:44:21','2023-01-09 16:44:21'),(22,'read_settings','settings','2023-01-09 16:44:21','2023-01-09 16:44:21'),(23,'edit_settings','settings','2023-01-09 16:44:21','2023-01-09 16:44:21'),(24,'add_settings','settings','2023-01-09 16:44:21','2023-01-09 16:44:21'),(25,'delete_settings','settings','2023-01-09 16:44:21','2023-01-09 16:44:21'),(26,'browse_facebook_searches','facebook_searches',NULL,NULL),(27,'read_facebook_searches','facebook_searches',NULL,NULL),(28,'edit_facebook_searches','facebook_searches',NULL,NULL),(29,'add_facebook_searches','facebook_searches',NULL,NULL),(30,'delete_facebook_searches','facebook_searches',NULL,NULL),(31,'browse_facebook_groups','facebook_groups',NULL,NULL),(32,'read_facebook_groups','facebook_groups',NULL,NULL),(33,'edit_facebook_groups','facebook_groups',NULL,NULL),(34,'add_facebook_groups','facebook_groups',NULL,NULL),(35,'delete_facebook_groups','facebook_groups',NULL,NULL),(36,'browse_accounts','accounts',NULL,NULL),(37,'read_accounts','accounts',NULL,NULL),(38,'edit_accounts','accounts',NULL,NULL),(39,'add_accounts','accounts',NULL,NULL),(40,'delete_accounts','accounts',NULL,NULL),(41,'browse_tasks','tasks',NULL,NULL),(42,'read_tasks','tasks',NULL,NULL),(43,'edit_tasks','tasks',NULL,NULL),(44,'add_tasks','tasks',NULL,NULL),(45,'delete_tasks','tasks',NULL,NULL),(46,'browse_fb_accounts','fb_accounts',NULL,NULL),(47,'read_fb_accounts','fb_accounts',NULL,NULL),(48,'edit_fb_accounts','fb_accounts',NULL,NULL),(49,'add_fb_accounts','fb_accounts',NULL,NULL),(50,'delete_fb_accounts','fb_accounts',NULL,NULL),(51,'browse_fb_account_tasks','fb_account_tasks',NULL,NULL),(52,'read_fb_account_tasks','fb_account_tasks',NULL,NULL),(53,'edit_fb_account_tasks','fb_account_tasks',NULL,NULL),(54,'add_fb_account_tasks','fb_account_tasks',NULL,NULL),(55,'delete_fb_account_tasks','fb_account_tasks',NULL,NULL);
/*!40000 ALTER TABLE `permissions` ENABLE KEYS */;
UNLOCK TABLES;

--
-- Table structure for table `personal_access_tokens`
--

DROP TABLE IF EXISTS `personal_access_tokens`;
/*!40101 SET @saved_cs_client     = @@character_set_client */;
/*!50503 SET character_set_client = utf8mb4 */;
CREATE TABLE `personal_access_tokens` (
  `id` bigint unsigned NOT NULL AUTO_INCREMENT,
  `tokenable_type` varchar(255) CHARACTER SET utf8mb4 COLLATE utf8mb4_unicode_ci NOT NULL,
  `tokenable_id` bigint unsigned NOT NULL,
  `name` varchar(255) CHARACTER SET utf8mb4 COLLATE utf8mb4_unicode_ci NOT NULL,
  `token` varchar(64) CHARACTER SET utf8mb4 COLLATE utf8mb4_unicode_ci NOT NULL,
  `abilities` text CHARACTER SET utf8mb4 COLLATE utf8mb4_unicode_ci,
  `last_used_at` timestamp NULL DEFAULT NULL,
  `created_at` timestamp NULL DEFAULT NULL,
  `updated_at` timestamp NULL DEFAULT NULL,
  PRIMARY KEY (`id`),
  UNIQUE KEY `personal_access_tokens_token_unique` (`token`),
  KEY `personal_access_tokens_tokenable_type_tokenable_id_index` (`tokenable_type`,`tokenable_id`)
) ENGINE=InnoDB DEFAULT CHARSET=utf8mb4 COLLATE=utf8mb4_unicode_ci;
/*!40101 SET character_set_client = @saved_cs_client */;

--
-- Dumping data for table `personal_access_tokens`
--

LOCK TABLES `personal_access_tokens` WRITE;
/*!40000 ALTER TABLE `personal_access_tokens` DISABLE KEYS */;
/*!40000 ALTER TABLE `personal_access_tokens` ENABLE KEYS */;
UNLOCK TABLES;

--
-- Table structure for table `queues`
--

DROP TABLE IF EXISTS `queues`;
/*!40101 SET @saved_cs_client     = @@character_set_client */;
/*!50503 SET character_set_client = utf8mb4 */;
CREATE TABLE `queues` (
  `id` int NOT NULL AUTO_INCREMENT,
  `status` varchar(45) DEFAULT NULL,
  PRIMARY KEY (`id`)
) ENGINE=InnoDB DEFAULT CHARSET=utf8mb4 COLLATE=utf8mb4_0900_ai_ci;
/*!40101 SET character_set_client = @saved_cs_client */;

--
-- Dumping data for table `queues`
--

LOCK TABLES `queues` WRITE;
/*!40000 ALTER TABLE `queues` DISABLE KEYS */;
/*!40000 ALTER TABLE `queues` ENABLE KEYS */;
UNLOCK TABLES;

--
-- Table structure for table `roles`
--

DROP TABLE IF EXISTS `roles`;
/*!40101 SET @saved_cs_client     = @@character_set_client */;
/*!50503 SET character_set_client = utf8mb4 */;
CREATE TABLE `roles` (
  `id` bigint unsigned NOT NULL AUTO_INCREMENT,
  `name` varchar(255) CHARACTER SET utf8mb4 COLLATE utf8mb4_unicode_ci NOT NULL,
  `display_name` varchar(255) CHARACTER SET utf8mb4 COLLATE utf8mb4_unicode_ci NOT NULL,
  `created_at` timestamp NULL DEFAULT NULL,
  `updated_at` timestamp NULL DEFAULT NULL,
  PRIMARY KEY (`id`),
  UNIQUE KEY `roles_name_unique` (`name`)
) ENGINE=InnoDB AUTO_INCREMENT=3 DEFAULT CHARSET=utf8mb4 COLLATE=utf8mb4_unicode_ci;
/*!40101 SET character_set_client = @saved_cs_client */;

--
-- Dumping data for table `roles`
--

LOCK TABLES `roles` WRITE;
/*!40000 ALTER TABLE `roles` DISABLE KEYS */;
INSERT INTO `roles` VALUES (1,'admin','Administrator','2023-01-09 16:44:21','2023-01-09 16:44:21'),(2,'user','Normal User','2023-01-09 16:44:21','2023-01-09 16:44:21');
/*!40000 ALTER TABLE `roles` ENABLE KEYS */;
UNLOCK TABLES;

--
-- Table structure for table `settings`
--

DROP TABLE IF EXISTS `settings`;
/*!40101 SET @saved_cs_client     = @@character_set_client */;
/*!50503 SET character_set_client = utf8mb4 */;
CREATE TABLE `settings` (
  `id` int unsigned NOT NULL AUTO_INCREMENT,
  `key` varchar(255) CHARACTER SET utf8mb4 COLLATE utf8mb4_unicode_ci NOT NULL,
  `display_name` varchar(255) CHARACTER SET utf8mb4 COLLATE utf8mb4_unicode_ci NOT NULL,
  `value` text CHARACTER SET utf8mb4 COLLATE utf8mb4_unicode_ci,
  `details` text CHARACTER SET utf8mb4 COLLATE utf8mb4_unicode_ci,
  `type` varchar(255) CHARACTER SET utf8mb4 COLLATE utf8mb4_unicode_ci NOT NULL,
  `order` int NOT NULL DEFAULT '1',
  `group` varchar(255) CHARACTER SET utf8mb4 COLLATE utf8mb4_unicode_ci DEFAULT NULL,
  PRIMARY KEY (`id`),
  UNIQUE KEY `settings_key_unique` (`key`)
) ENGINE=InnoDB AUTO_INCREMENT=11 DEFAULT CHARSET=utf8mb4 COLLATE=utf8mb4_unicode_ci;
/*!40101 SET character_set_client = @saved_cs_client */;

--
-- Dumping data for table `settings`
--

LOCK TABLES `settings` WRITE;
/*!40000 ALTER TABLE `settings` DISABLE KEYS */;
INSERT INTO `settings` VALUES (1,'site.title','Site Title','Site Title','','text',1,'Site'),(2,'site.description','Site Description','Site Description','','text',2,'Site'),(3,'site.logo','Site Logo','','','image',3,'Site'),(4,'site.google_analytics_tracking_id','Google Analytics Tracking ID','','','text',4,'Site'),(5,'admin.bg_image','Admin Background Image','','','image',5,'Admin'),(6,'admin.title','Admin Title','Voyager','','text',1,'Admin'),(7,'admin.description','Admin Description','Welcome to Voyager. The Missing Admin for Laravel','','text',2,'Admin'),(8,'admin.loader','Admin Loader','','','image',3,'Admin'),(9,'admin.icon_image','Admin Icon Image','','','image',4,'Admin'),(10,'admin.google_analytics_client_id','Google Analytics Client ID (used for admin dashboard)','','','text',1,'Admin');
/*!40000 ALTER TABLE `settings` ENABLE KEYS */;
UNLOCK TABLES;

--
-- Table structure for table `task_facebook_searches`
--

DROP TABLE IF EXISTS `task_facebook_searches`;
/*!40101 SET @saved_cs_client     = @@character_set_client */;
/*!50503 SET character_set_client = utf8mb4 */;
CREATE TABLE `task_facebook_searches` (
  `id` bigint unsigned NOT NULL AUTO_INCREMENT,
  `task_id` bigint unsigned NOT NULL,
  `facebook_search_id` bigint unsigned NOT NULL,
  `created_at` timestamp NULL DEFAULT NULL,
  `updated_at` timestamp NULL DEFAULT NULL,
  PRIMARY KEY (`id`),
  KEY `task_facebook_searches_task_id_foreign` (`task_id`),
  KEY `task_facebook_searches_facebook_search_id_foreign` (`facebook_search_id`),
  CONSTRAINT `task_facebook_searches_facebook_search_id_foreign` FOREIGN KEY (`facebook_search_id`) REFERENCES `facebook_searches` (`id`) ON DELETE CASCADE,
  CONSTRAINT `task_facebook_searches_task_id_foreign` FOREIGN KEY (`task_id`) REFERENCES `tasks` (`id`) ON DELETE CASCADE
) ENGINE=InnoDB AUTO_INCREMENT=375 DEFAULT CHARSET=utf8mb4 COLLATE=utf8mb4_unicode_ci;
/*!40101 SET character_set_client = @saved_cs_client */;

--
-- Dumping data for table `task_facebook_searches`
--

LOCK TABLES `task_facebook_searches` WRITE;
/*!40000 ALTER TABLE `task_facebook_searches` DISABLE KEYS */;
INSERT INTO `task_facebook_searches` VALUES (37,6,1,NULL,NULL),(38,6,8,NULL,NULL),(39,6,9,NULL,NULL),(40,6,10,NULL,NULL),(41,6,11,NULL,NULL),(42,6,12,NULL,NULL),(43,6,13,NULL,NULL),(44,6,14,NULL,NULL),(45,7,1,NULL,NULL),(46,7,8,NULL,NULL),(47,7,9,NULL,NULL),(48,7,10,NULL,NULL),(49,7,11,NULL,NULL),(50,7,12,NULL,NULL),(51,7,13,NULL,NULL),(52,7,14,NULL,NULL),(61,9,1,NULL,NULL),(62,9,8,NULL,NULL),(63,9,9,NULL,NULL),(64,9,10,NULL,NULL),(65,9,11,NULL,NULL),(66,9,12,NULL,NULL),(67,9,13,NULL,NULL),(68,9,14,NULL,NULL),(77,11,1,NULL,NULL),(79,11,8,NULL,NULL),(80,11,9,NULL,NULL),(81,11,10,NULL,NULL),(82,11,11,NULL,NULL),(83,11,12,NULL,NULL),(84,11,13,NULL,NULL),(85,11,14,NULL,NULL),(94,13,1,NULL,NULL),(95,13,8,NULL,NULL),(96,13,9,NULL,NULL),(97,13,10,NULL,NULL),(98,13,11,NULL,NULL),(99,13,13,NULL,NULL),(100,13,12,NULL,NULL),(101,13,14,NULL,NULL),(102,14,15,NULL,NULL),(103,14,16,NULL,NULL),(104,14,17,NULL,NULL),(105,15,15,NULL,NULL),(106,15,16,NULL,NULL),(107,15,17,NULL,NULL),(108,16,15,NULL,NULL),(109,16,16,NULL,NULL),(110,16,17,NULL,NULL),(111,17,15,NULL,NULL),(112,17,16,NULL,NULL),(113,17,17,NULL,NULL),(114,18,15,NULL,NULL),(115,18,16,NULL,NULL),(116,18,17,NULL,NULL),(117,19,15,NULL,NULL),(118,19,16,NULL,NULL),(119,19,17,NULL,NULL),(120,20,15,NULL,NULL),(121,20,16,NULL,NULL),(122,20,17,NULL,NULL),(123,21,15,NULL,NULL),(124,21,16,NULL,NULL),(125,21,17,NULL,NULL),(126,22,1,NULL,NULL),(127,22,8,NULL,NULL),(128,22,9,NULL,NULL),(129,22,10,NULL,NULL),(130,22,11,NULL,NULL),(131,22,12,NULL,NULL),(132,22,13,NULL,NULL),(133,22,14,NULL,NULL),(143,38,1,NULL,NULL),(144,38,8,NULL,NULL),(145,38,9,NULL,NULL),(146,38,10,NULL,NULL),(147,38,11,NULL,NULL),(148,38,12,NULL,NULL),(149,38,13,NULL,NULL),(150,38,14,NULL,NULL),(151,39,1,NULL,NULL),(152,39,8,NULL,NULL),(153,39,9,NULL,NULL),(154,39,10,NULL,NULL),(155,39,11,NULL,NULL),(156,39,12,NULL,NULL),(157,39,13,NULL,NULL),(158,39,14,NULL,NULL),(192,34,1,NULL,NULL),(193,34,9,NULL,NULL),(194,34,8,NULL,NULL),(195,34,10,NULL,NULL),(196,34,13,NULL,NULL),(197,34,14,NULL,NULL),(206,37,1,NULL,NULL),(207,37,8,NULL,NULL),(208,37,9,NULL,NULL),(209,37,10,NULL,NULL),(210,37,11,NULL,NULL),(211,37,12,NULL,NULL),(212,37,13,NULL,NULL),(213,37,14,NULL,NULL),(214,36,1,NULL,NULL),(215,36,8,NULL,NULL),(216,36,10,NULL,NULL),(217,36,9,NULL,NULL),(218,36,11,NULL,NULL),(219,36,12,NULL,NULL),(220,36,13,NULL,NULL),(221,36,14,NULL,NULL),(222,33,1,NULL,NULL),(223,33,9,NULL,NULL),(224,33,8,NULL,NULL),(225,33,10,NULL,NULL),(226,33,11,NULL,NULL),(227,33,12,NULL,NULL),(228,33,13,NULL,NULL),(229,33,14,NULL,NULL),(230,32,1,NULL,NULL),(231,32,8,NULL,NULL),(232,32,9,NULL,NULL),(233,32,10,NULL,NULL),(234,32,11,NULL,NULL),(235,32,12,NULL,NULL),(236,32,13,NULL,NULL),(237,32,14,NULL,NULL),(238,31,1,NULL,NULL),(239,31,8,NULL,NULL),(240,31,9,NULL,NULL),(241,31,10,NULL,NULL),(242,31,11,NULL,NULL),(243,31,12,NULL,NULL),(244,31,13,NULL,NULL),(245,31,14,NULL,NULL),(246,30,1,NULL,NULL),(247,30,9,NULL,NULL),(248,30,8,NULL,NULL),(249,30,10,NULL,NULL),(250,30,11,NULL,NULL),(251,30,12,NULL,NULL),(252,30,13,NULL,NULL),(253,30,14,NULL,NULL),(254,29,1,NULL,NULL),(255,29,8,NULL,NULL),(256,29,9,NULL,NULL),(257,29,10,NULL,NULL),(258,29,11,NULL,NULL),(259,29,12,NULL,NULL),(260,29,13,NULL,NULL),(261,29,14,NULL,NULL),(262,28,1,NULL,NULL),(263,28,9,NULL,NULL),(264,28,8,NULL,NULL),(265,28,10,NULL,NULL),(266,28,11,NULL,NULL),(267,28,12,NULL,NULL),(268,28,13,NULL,NULL),(269,28,14,NULL,NULL),(278,27,1,NULL,NULL),(279,27,8,NULL,NULL),(280,27,9,NULL,NULL),(281,27,10,NULL,NULL),(282,27,11,NULL,NULL),(283,27,12,NULL,NULL),(284,27,13,NULL,NULL),(285,27,14,NULL,NULL),(286,4,1,NULL,NULL),(287,4,8,NULL,NULL),(288,4,10,NULL,NULL),(289,4,9,NULL,NULL),(290,4,12,NULL,NULL),(291,4,11,NULL,NULL),(292,4,13,NULL,NULL),(293,4,14,NULL,NULL),(318,43,15,NULL,NULL),(319,43,16,NULL,NULL),(320,43,17,NULL,NULL),(321,43,18,NULL,NULL),(322,42,15,NULL,NULL),(323,42,16,NULL,NULL),(324,42,17,NULL,NULL),(325,42,18,NULL,NULL),(330,14,18,NULL,NULL),(331,44,19,NULL,NULL),(332,45,1,NULL,NULL),(333,45,8,NULL,NULL),(334,45,9,NULL,NULL),(335,45,10,NULL,NULL),(336,45,11,NULL,NULL),(337,45,12,NULL,NULL),(338,45,13,NULL,NULL),(339,45,14,NULL,NULL),(340,24,49,NULL,NULL),(341,24,48,NULL,NULL),(342,24,47,NULL,NULL),(343,24,46,NULL,NULL),(344,24,45,NULL,NULL),(345,24,44,NULL,NULL),(346,24,43,NULL,NULL),(347,24,42,NULL,NULL),(348,24,41,NULL,NULL),(349,24,40,NULL,NULL),(350,24,39,NULL,NULL),(351,24,38,NULL,NULL),(352,24,37,NULL,NULL),(353,24,36,NULL,NULL),(354,25,35,NULL,NULL),(355,25,34,NULL,NULL),(356,25,33,NULL,NULL),(357,25,32,NULL,NULL),(358,25,31,NULL,NULL),(359,25,30,NULL,NULL),(360,25,29,NULL,NULL),(361,25,28,NULL,NULL),(362,25,27,NULL,NULL),(363,25,26,NULL,NULL),(364,25,25,NULL,NULL),(365,25,24,NULL,NULL),(366,25,23,NULL,NULL),(367,25,22,NULL,NULL),(368,47,50,NULL,NULL),(369,47,51,NULL,NULL),(370,47,52,NULL,NULL),(371,47,53,NULL,NULL),(372,47,54,NULL,NULL),(373,47,55,NULL,NULL),(374,47,56,NULL,NULL);
/*!40000 ALTER TABLE `task_facebook_searches` ENABLE KEYS */;
UNLOCK TABLES;

--
-- Table structure for table `tasks`
--

DROP TABLE IF EXISTS `tasks`;
/*!40101 SET @saved_cs_client     = @@character_set_client */;
/*!50503 SET character_set_client = utf8mb4 */;
CREATE TABLE `tasks` (
  `id` bigint unsigned NOT NULL AUTO_INCREMENT,
  `ad` text CHARACTER SET utf8mb4 COLLATE utf8mb4_unicode_ci NOT NULL,
  `status` varchar(255) CHARACTER SET utf8mb4 COLLATE utf8mb4_unicode_ci DEFAULT NULL,
  `created_at` timestamp NULL DEFAULT NULL,
  `updated_at` timestamp NULL DEFAULT NULL,
  `photo` text CHARACTER SET utf8mb4 COLLATE utf8mb4_unicode_ci,
  PRIMARY KEY (`id`)
) ENGINE=InnoDB AUTO_INCREMENT=48 DEFAULT CHARSET=utf8mb4 COLLATE=utf8mb4_unicode_ci;
/*!40101 SET character_set_client = @saved_cs_client */;

--
-- Dumping data for table `tasks`
--

LOCK TABLES `tasks` WRITE;
/*!40000 ALTER TABLE `tasks` DISABLE KEYS */;
INSERT INTO `tasks` VALUES (4,'☝️Требуются  продавец в магазин.\r\nОчень хороший дружный коллектив. Прямое трудоустройство \r\n\r\n?️ Холон (на границе с Бат Ям)\r\n\r\nТребования:\r\nОпыт работы желателен \r\nЗнание иврита\r\n\r\n\r\n⚡Обязанности: \r\n-работа за кассой, пробивать лотерейные билеты. \r\n-заполнять товары \r\n\r\n⌚️ Дневные и ночные смены ( обговаривается с владельцем магазина ) \r\n? Документы: гражданство \r\n? : Обсуждается с владельцем \r\n\r\n+972508816263 (пишите пожалуйста на Whatsapp)',NULL,'2023-01-13 18:03:35','2023-01-13 18:03:35',NULL),(6,'☝️ Требуются рабочие на завод по производству салфеток.\r\n\r\n?️ Офаким \r\n\r\n? Есть подвозки с Бер Шевы.\r\n⌚️ Смены от 8 до 12 часов\r\n? 37 ₪/час\r\n? Документы: Подходит для обладателей синей бумаги, украинского паспорта и других документов с разрешением на работу.\r\n\r\n+972508816263 (пишите пожалуйста на Whatsapp)',NULL,'2023-01-17 16:21:24','2023-01-17 16:21:24',NULL),(7,'☝️ Требуются мужчины на завод по производству печенье.\r\n\r\n?️  Нетивот\r\n\r\n? Есть подвозки с Ашкелона.\r\n⌚️ Смены дневные по 12 часов\r\n? 37 ₪/час\r\n? Документы: Любые\r\n\r\n+972508816263 (пишите пожалуйста на Whatsapp)',NULL,'2023-01-17 16:22:19','2023-01-17 16:22:19',NULL),(9,'☝️ Требуются работники на завод по производству мороженого.\r\n\r\n?️  Реховот\r\n\r\n? Есть подвозки с Ашкелона.\r\n⌚️ Смены по 12 часов, неделя день, неделя ночь.\r\n? 35 ₪/час\r\n? Документы: Любые\r\n\r\n+972508816263 (пишите пожалуйста на Whatsapp)',NULL,'2023-01-17 16:23:58','2023-01-17 16:23:58',NULL),(11,'☝️ Требуются мужчины на колбасный завод.\r\n\r\n?️  Рош Айн\r\n\r\n⌚️ Смены по 12 часов,6 дней в неделю\r\n? 37 ₪/час\r\n? Документы: Любые\r\n\r\n+972508816263 (пишите пожалуйста на Whatsapp)',NULL,'2023-01-17 16:44:08','2023-01-17 16:44:08',NULL),(13,'☝️ Требуются мужчины на завод по производству копченой рыбы.\r\n? Ашдод\r\n⌚️ Смены 6:00-16:00/17:00.\r\n? 35 ₪/час\r\n? Документы: Любые\r\n\r\n+972508816263 (пишите пожалуйста на Whatsapp)',NULL,'2023-01-17 16:45:27','2023-02-01 16:49:15',NULL),(14,'☝️ We are looking for men for a smoked fish factory.\r\n? Ashdod\r\n⌚️ Shifts 6:00-16:00/17:00.\r\n? 35 ₪/hour\r\n? Documents: Any\r\n\r\n+972508816263 (please write on Whatsapp)',NULL,'2023-01-17 17:19:21','2023-02-01 16:50:21',NULL),(15,'☝️ We are looking for 2 men for a pastry shop.\r\n\r\n?️ Rishon Lezion\r\n\r\n? Duties: \r\n\r\n- work in the workshop;\r\n- dough kneading, baking;\r\n- baking bakery products;\r\n\r\n- packaging / packing.\r\n⌚️ Shifts 7:00-18:00\r\n? 37 ₪/hour\r\n? Documents: Any\r\n\r\n+972508816263 (please write on Whatsapp)',NULL,'2023-01-17 17:21:11','2023-01-17 17:21:11',NULL),(16,'☝️ We are looking for a men for a sausage factory.\r\n\r\n?️ Rosh Ain\r\n\r\n⌚️ 12 hour shifts, 6 days a week\r\n? 37 ₪/hour\r\n? Documents: Any\r\n\r\n+972508816263 (please write on Whatsapp)',NULL,'2023-01-17 17:22:09','2023-01-17 17:22:09',NULL),(17,'☝️ Looking for a man for pasting refrigerators.\r\n\r\n?️ Rehovot\r\n\r\n? Transfer from Ashkelon.\r\n⌚️ Only morning shifts, 12 hours a day.\r\n? 35 ₪/hour\r\n? Documents: Any\r\n\r\n+972508816263 (please write on Whatsapp)',NULL,'2023-01-17 17:22:28','2023-01-17 17:22:28',NULL),(18,'☝️ We are looking for workers for the ice cream factory.\r\n\r\n?️ Rehovot\r\n\r\n? Transfer from Ashkelon.\r\n⌚️ 12 hour shifts, week day, week night.\r\n? 35 ₪/hour\r\n? Documents: Any\r\n\r\n+972508816263 (please write on Whatsapp)',NULL,'2023-01-17 17:23:15','2023-01-17 17:23:15',NULL),(19,'☝️ Required workers for a plastic production plant.\r\n\r\nWe are looking for workers for a plastic factory.\r\n\r\n?️ Ariel\r\n\r\nDuties:\r\n- work on the production line;\r\n- quality control.\r\n\r\n⌚️ 12 hour shifts, week day, week night\r\n? 34 ₪/hour\r\n? Documents: Any\r\n? Sedentary work\r\n\r\n+972508816263 (please write on Whatsapp)',NULL,'2023-01-17 17:23:38','2023-01-17 17:23:38',NULL),(20,'☝️ We are looking for men for a cookies factory.\r\n\r\n?️ Netivot\r\n\r\n?Duties: \r\n- Packing and packaging of products;\r\n- Production quality control;\r\n\r\n? Transfer from Ashkelon.\r\n⌚️ 12 hour day shifts\r\n? 37 ₪/hour\r\n? Documents: Any\r\n\r\n+972508816263 (please write on Whatsapp)',NULL,'2023-01-17 17:24:00','2023-01-17 17:24:00',NULL),(21,'☝️ We are looking for workers for the napkin factory.\r\n\r\n?️ Ofakim\r\n\r\n? Transfer from Ber Sheva.\r\n⌚️ Shifts from 8 to 12 hours\r\n? 37 ₪/hour\r\n? Documents: Suitable for holders of blue paper, Ukrainian passport and other documents with a work permit.\r\n\r\n+972507713622 (please write on Whatsapp)',NULL,'2023-01-17 17:24:22','2023-02-01 16:58:58',NULL),(22,'☝️Требуются  продавец в магазин.\r\nОчень хороший дружный коллектив и начальство. Прямое трудоустройство. Гибкая оплата\r\n\r\n?️ Холон (на границе с Бат Ям)\r\n\r\nТребования:\r\nОпыт работы желателен \r\nЗнание иврита\r\n\r\n\r\n⚡Обязанности: \r\n-работа за кассой, пробивать лотерейные билеты. \r\n-заполнять товары \r\n\r\n⌚️ Дневные и ночные смены ( обговаривается с владельцем магазина ) \r\n? Документы: гражданство \r\n? : От 40₪( обсуждается с владельцем) \r\n\r\n+972508816263 (пишите пожалуйста на Whatsapp)',NULL,'2023-01-17 17:26:21','2023-01-17 17:26:21',NULL),(23,'☝️ We are looking for a seller in the store.\r\nDirect employment. Flexible payment. Friendly staff and management. \r\n\r\n?️ Holon (on the border with Bat Yam)\r\n\r\nRequirements:\r\nWork experience is desirable\r\nHebrew knowledge\r\n\r\n\r\n⚡Responsibilities:\r\n- work at the cash desk, punch lottery tickets.\r\n- fill in goods\r\n\r\n⌚️ Day and night shifts (to be discussed with the store owner)\r\n? Documents: citizenship\r\n? : From 40₪ (discussed with the owner)\r\n\r\n+972508816263 (please write on Whatsapp)',NULL,'2023-01-17 17:28:18','2023-01-17 17:28:18',NULL),(24,'Hi everyone!\r\nIf you want to move to Israel to find a job and raise your standard of living, we will help you with this. \r\nAlso, we will help with all the documents that you need for visa, provide housing if necessary and find a job anywhere in Israel. \r\n\r\nIf you are interested in this, please write in WhatsApp on the number: +972 50 771 3622',NULL,'2023-01-25 16:17:36','2023-02-07 18:51:49',NULL),(25,'Всем привет!\r\nЕсли вы хотите переехать в Израиль, чтобы найти работу и повысить уровень жизни, мы поможем вам в этом.\r\nТакже мы поможем собрать все документы, которые нужны для визы, предоставим жилье при необходимости и найдем работу в любом месте Израиля.\r\n\r\nЗа дополнительной информацией пишите в WhatsApp на номер: +972 50 771 3622',NULL,'2023-01-25 16:27:09','2023-02-07 18:53:08',NULL),(26,'☝️Кейтринг на кухню требуется мужчина \r\n\r\n? Ришон ле цион\r\n\r\n⚡️Обязанности: \r\nмойка посуды и уборка\r\n? :42₪/час\r\n⌚️с 8:00-17:00\r\n\r\n+972508816263 ( пишите пожалуйста на Whatsapp)',NULL,'2023-01-25 23:41:59','2023-01-25 23:41:59',NULL),(27,'☝️ Требуется сотрудник в кондитерскую \r\n\r\n? Ришон ле цион \r\n? Холон \r\n\r\n⚡️Обязанности: \r\n-упаклвка кондитерских изделий \r\n-конвеер\r\n\r\n⌚️Дневная смена \r\nс 7:00-16:30(мужчины до 19:00) \r\nПятница с 07:00 до 12:30\r\n\r\n⌚️Ночная смена \r\nс 17:00 до 05:00\r\n? :38₪/час\r\n\r\n+972508816263 ( пишите пожалуйста на Whatsapp)',NULL,'2023-01-25 23:42:49','2023-01-25 23:42:49',NULL),(28,'☝️Срочно требуется повар!\r\n\r\n? Тверия\r\n\r\n? :38₪/час\r\n⌚️с 8:00-17:00\r\n?Со знанием английского\r\n\r\n+972508816263 ( пишите пожалуйста на Whatsapp)',NULL,'2023-01-25 23:48:46','2023-01-25 23:48:46',NULL),(29,'☝️Требуется мужчина на пищевой завод для поднятие мешков с наполнителем.\r\n\r\n? Рош Аин\r\n\r\n? :40₪/час\r\n? Смени по 11 часов, 5 дней в неделю.\r\n⌚️с 8:00-17:00\r\n?Со знанием английского\r\n\r\n+972 50 771 3622 ( пишите пожалуйста на Whatsapp)',NULL,'2023-01-25 23:51:24','2023-01-25 23:51:24',NULL),(30,'☝️Требуются 2 женщины в кафе-магазин по торговле кондитерско продукции.\r\n\r\n? Рамт Ган\r\n\r\nПо оплате и дополнительной информации пишите на номер: +972 50 771 3622 ( пишите пожалуйста на Whatsapp)',NULL,'2023-01-25 23:53:53','2023-01-25 23:53:53',NULL),(31,'☝️Требуются рабочие на завод по производству салфеток. \r\n\r\n? Офаким\r\n\r\n?Смены: от 8 до 12 часов.\r\n?37₪/час\r\n?Есть подвозки с Бер Шевы\r\n‼️Подходит для обладателей синей бумаги или украинского паспорта.\r\n\r\nПишите на номер: +972 50 771 3622 ( пишите пожалуйста на Whatsapp)',NULL,'2023-01-25 23:56:34','2023-01-25 23:56:34',NULL),(32,'☝️ Требуются мужчины на завод по производству печенье. \r\n\r\n?️ Нетивот\r\n\r\n ? Есть подвозки с Ашкелона. \r\n⌚️ Смены дневные по 12 часов \r\n? 37 ₪/час\r\n? Документы: Любые\r\n\r\n+972 50 771 3622  (пишите пожалуйста на Whatsapp)',NULL,'2023-01-25 23:58:44','2023-01-25 23:58:44',NULL),(33,'☝️ Требуются работники на завод по производству пластика.\r\n\r\n?️ Ариэль \r\n\r\n⌚️ Смены по 12 часов, неделя день, неделя ночь \r\n? 34 ₪/час \r\n? Документы: Любые \r\n? Работа сидячая \r\n\r\n+972 50 771 3622  (пишите пожалуйста на Whatsapp)',NULL,'2023-01-26 00:00:24','2023-01-26 00:00:24',NULL),(34,'☝️ Требуются работники на завод по производству мороженого. \r\n\r\n?️ Реховот \r\n\r\n? Есть подвозки с Ашкелона. \r\n⌚️ Смены по 12 часов, неделя день, неделя ночь. \r\n? 35 ₪/час \r\n? Документы: Любые \r\n\r\n+972 50 771 3622  (пишите пожалуйста на Whatsapp)','Doing','2023-01-26 00:01:43','2023-01-26 00:01:43',NULL),(36,'☝️ Требуются мужчины на колбасный завод. \r\n\r\n?️ Рош Айн \r\n\r\n⌚️ Смены по 12 часов,6 дней в неделю \r\n? 37 ₪/час \r\n? Документы: Любые \r\n\r\n+972 50 771 3622  (пишите пожалуйста на Whatsapp)','Done','2023-01-26 00:04:41','2023-01-26 00:04:41',NULL),(37,'☝️ Требуются мужчины на завод по производству копченой рыбы. \r\n\r\n⌚️ Смены 6:00-16:00/17:00. \r\n? 35 ₪/час \r\n? Документы: Любые \r\n\r\n+972 50 771 3622  (пишите пожалуйста на Whatsapp)','Done','2023-01-26 00:05:49','2023-02-04 14:53:16',NULL),(38,'☝️ Требуются мойщик посуды и 2 повара. С проживанием‼️ \r\n\r\n? Тверия\r\n\r\n⌚️Смены: по 12 часов\r\n?Есть проживание! Оплата за проживание 1200 шекелей\r\n? :38₪/час\r\n\r\n+972 50 771 3622 (пишите пожалуйста на Whatsapp)','Done','2023-01-30 22:37:20','2023-02-04 14:53:04',NULL),(39,'☝️ Требуются сотрудники в кондитерскую. Мужчины и женщины. \r\n\r\n? Ришон ле цион \r\n\r\n⚡️Обязанности: \r\n-упаклвка кондитерских изделий \r\n-конвеер\r\n\r\n⌚️Смены: с 7:00-18:00\r\n?Есть возможность проживания в Бат Яме для пары \r\n\r\n? :37₪/час\r\n\r\n+972 50 771 3622 (пишите пожалуйста на Whatsapp)','Done','2023-01-30 22:37:57','2023-02-04 14:52:54',NULL),(42,'☝️ We are looking for a staff to wash dishes and 2 cooks. With accomodation‼️\r\n\r\n ? Tiberias\r\n\r\n⌚️Shifts: 12 hours\r\n? Can provide with accomodation. Payment for accommodation - 1200 ₪\r\n? :38₪/hour \r\n\r\n+972 50 771 3622 (please write on Whatsapp)','Done','2023-01-30 22:51:20','2023-02-04 14:52:06',NULL),(43,'☝️ We are looking for an employees for work in confectionery. Suitable both for men and women.\r\n\r\n ? Rishon Lezion\r\n\r\n⚡️Responsibilities: \r\n\r\n- packaging of confectionery\r\n-conveyor\r\n\r\n⌚️Shifts: 7:00-18:00\r\n? We can provide with accomodation, but only for a couple. \r\n? :37₪/hour \r\n\r\n+972 50 771 3622 (please write on Whatsapp)','Done','2023-01-30 22:55:29','2023-02-04 14:53:41',NULL),(44,'למכירה מאזדה 6 פרימיום פלוס\r\nשנתון 2018\r\nצבע לבן פנינה\r\n100,000 ק״מ\r\nכל התוספות מקוריות של מאזדה\r\nמולטימדיה מקורית\r\nהרכב שמור מאוד ונקי מתאונות.\r\nטיפולים בזמן.\r\nלפרטים: 0522564377\r\nתמונות. https://drive.google.com/drive/folders/1c5GWSJ2YEpeqevcVU7FLrRD7tITkWMx-','Done','2023-02-05 02:23:53','2023-02-06 21:23:02',NULL),(45,'Всем привет) \r\nМы помогаем найти работу по всему Израилю. С хорошей заработной платой и условиями. Есть варианты с жильем и подвозкой в зависимости от города и вакансии. \r\n\r\nПишите пожалуйста на Whatsapp: +972 50 771 3622\r\n\r\nили телеграмм: \r\nannbor25','Done','2023-02-06 04:11:31','2023-02-06 21:22:50',NULL),(47,'*Увага АКЦІЯ !!!*\r\n\r\nПропонуємо бензинові та дизельні портативні генератори виробництва \"Güçbir Generatör\" (Туреччина) зі знижкою 20%. \r\n\r\nДеталі за посиланням в Telegram: @svitlo_today \r\n\r\nАбо на сайті: *https://svitlo.today*','Doing','2023-03-21 03:12:12','2023-03-21 03:12:12',NULL);
/*!40000 ALTER TABLE `tasks` ENABLE KEYS */;
UNLOCK TABLES;

--
-- Table structure for table `translations`
--

DROP TABLE IF EXISTS `translations`;
/*!40101 SET @saved_cs_client     = @@character_set_client */;
/*!50503 SET character_set_client = utf8mb4 */;
CREATE TABLE `translations` (
  `id` int unsigned NOT NULL AUTO_INCREMENT,
  `table_name` varchar(255) CHARACTER SET utf8mb4 COLLATE utf8mb4_unicode_ci NOT NULL,
  `column_name` varchar(255) CHARACTER SET utf8mb4 COLLATE utf8mb4_unicode_ci NOT NULL,
  `foreign_key` int unsigned NOT NULL,
  `locale` varchar(255) CHARACTER SET utf8mb4 COLLATE utf8mb4_unicode_ci NOT NULL,
  `value` text CHARACTER SET utf8mb4 COLLATE utf8mb4_unicode_ci NOT NULL,
  `created_at` timestamp NULL DEFAULT NULL,
  `updated_at` timestamp NULL DEFAULT NULL,
  PRIMARY KEY (`id`),
  UNIQUE KEY `translations_table_name_column_name_foreign_key_locale_unique` (`table_name`,`column_name`,`foreign_key`,`locale`)
) ENGINE=InnoDB DEFAULT CHARSET=utf8mb4 COLLATE=utf8mb4_unicode_ci;
/*!40101 SET character_set_client = @saved_cs_client */;

--
-- Dumping data for table `translations`
--

LOCK TABLES `translations` WRITE;
/*!40000 ALTER TABLE `translations` DISABLE KEYS */;
/*!40000 ALTER TABLE `translations` ENABLE KEYS */;
UNLOCK TABLES;

--
-- Table structure for table `user_roles`
--

DROP TABLE IF EXISTS `user_roles`;
/*!40101 SET @saved_cs_client     = @@character_set_client */;
/*!50503 SET character_set_client = utf8mb4 */;
CREATE TABLE `user_roles` (
  `user_id` bigint unsigned NOT NULL,
  `role_id` bigint unsigned NOT NULL,
  PRIMARY KEY (`user_id`,`role_id`),
  KEY `user_roles_user_id_index` (`user_id`),
  KEY `user_roles_role_id_index` (`role_id`),
  CONSTRAINT `user_roles_role_id_foreign` FOREIGN KEY (`role_id`) REFERENCES `roles` (`id`) ON DELETE CASCADE,
  CONSTRAINT `user_roles_user_id_foreign` FOREIGN KEY (`user_id`) REFERENCES `users` (`id`) ON DELETE CASCADE
) ENGINE=InnoDB DEFAULT CHARSET=utf8mb4 COLLATE=utf8mb4_unicode_ci;
/*!40101 SET character_set_client = @saved_cs_client */;

--
-- Dumping data for table `user_roles`
--

LOCK TABLES `user_roles` WRITE;
/*!40000 ALTER TABLE `user_roles` DISABLE KEYS */;
/*!40000 ALTER TABLE `user_roles` ENABLE KEYS */;
UNLOCK TABLES;

--
-- Table structure for table `users`
--

DROP TABLE IF EXISTS `users`;
/*!40101 SET @saved_cs_client     = @@character_set_client */;
/*!50503 SET character_set_client = utf8mb4 */;
CREATE TABLE `users` (
  `id` bigint unsigned NOT NULL AUTO_INCREMENT,
  `role_id` bigint unsigned DEFAULT NULL,
  `name` varchar(255) CHARACTER SET utf8mb4 COLLATE utf8mb4_unicode_ci NOT NULL,
  `email` varchar(255) CHARACTER SET utf8mb4 COLLATE utf8mb4_unicode_ci NOT NULL,
  `avatar` varchar(255) CHARACTER SET utf8mb4 COLLATE utf8mb4_unicode_ci DEFAULT 'users/default.png',
  `email_verified_at` timestamp NULL DEFAULT NULL,
  `password` varchar(255) CHARACTER SET utf8mb4 COLLATE utf8mb4_unicode_ci NOT NULL,
  `remember_token` varchar(100) CHARACTER SET utf8mb4 COLLATE utf8mb4_unicode_ci DEFAULT NULL,
  `settings` text CHARACTER SET utf8mb4 COLLATE utf8mb4_unicode_ci,
  `created_at` timestamp NULL DEFAULT NULL,
  `updated_at` timestamp NULL DEFAULT NULL,
  PRIMARY KEY (`id`),
  UNIQUE KEY `users_email_unique` (`email`),
  KEY `users_role_id_foreign` (`role_id`),
  CONSTRAINT `users_role_id_foreign` FOREIGN KEY (`role_id`) REFERENCES `roles` (`id`)
) ENGINE=InnoDB AUTO_INCREMENT=2 DEFAULT CHARSET=utf8mb4 COLLATE=utf8mb4_unicode_ci;
/*!40101 SET character_set_client = @saved_cs_client */;

--
-- Dumping data for table `users`
--

LOCK TABLES `users` WRITE;
/*!40000 ALTER TABLE `users` DISABLE KEYS */;
INSERT INTO `users` VALUES (1,1,'admin','admin@app.com','users/default.png',NULL,'$2y$10$/yOGgc5rRzC5ARhzXHWczOfoxCT/YcBn2erMKIitHB542WLlqdCea','ZiWgZdmXbKZpXWjbpu3uOdgSaKC2n1kD0i2G1gHDzH8JxMl93c8b7sylCrlj',NULL,'2023-01-09 16:44:45','2023-01-09 16:44:45');
/*!40000 ALTER TABLE `users` ENABLE KEYS */;
UNLOCK TABLES;
/*!40103 SET TIME_ZONE=@OLD_TIME_ZONE */;

/*!40101 SET SQL_MODE=@OLD_SQL_MODE */;
/*!40014 SET FOREIGN_KEY_CHECKS=@OLD_FOREIGN_KEY_CHECKS */;
/*!40014 SET UNIQUE_CHECKS=@OLD_UNIQUE_CHECKS */;
/*!40101 SET CHARACTER_SET_CLIENT=@OLD_CHARACTER_SET_CLIENT */;
/*!40101 SET CHARACTER_SET_RESULTS=@OLD_CHARACTER_SET_RESULTS */;
/*!40101 SET COLLATION_CONNECTION=@OLD_COLLATION_CONNECTION */;
/*!40111 SET SQL_NOTES=@OLD_SQL_NOTES */;

-- Dump completed on 2023-09-22 14:20:52
